feature,mean_importance
Region_tenango_de_doria_hidalgo,-0.018247492680141163
Region_mexico,-0.008958914944340956
Grading_Date_April_6th_2011,-0.008682132254703556
Mill_cafetalera_la_cuchilla,-0.007832766399164349
Region_central_kenya,-0.007550757232778959
Mill_Unknown,-0.007313118612785341
Region_kiambu,-0.006794871771246935
Country_of_Origin_Kenya,-0.006150806392540997
Bag_Weight,-0.005924369610091906
Grading_Date_December_3rd_2011,-0.005585280106520862
Region_thailand,-0.004882624231617916
Region_coatepec,-0.00457674463193154
Region_natou_county,-0.004486914621077864
Variety_Catuai,-0.0043453125060694655
Country_of_Origin_Honduras,-0.004285658168858997
Region_sidamo,-0.004210967276488708
Grading_Date_September_4th_2012,-0.004110559797061386
Country_of_Origin_Tanzania_United_Republic_Of,-0.004107291985835348
In_Country_Partner_Africa_Fine_Coffee_Association,-0.004098907913521211
Region_eastern,-0.003914184868652315
Color_Bluish_Green,-0.0037075128372555223
Certification_Body_Africa_Fine_Coffee_Association,-0.003665295057729656
Mill_yajalon_chiapas,-0.0036148709479387974
Mill_beneficio_valparaiso,-0.00352384192544275
Region_yajalon,-0.00350250573893931
Certification_Body_Instituto_Hondure_o_del_Caf,-0.0034200475776563046
Grading_Date_January_15th_2015,-0.0033217011665635622
In_Country_Partner_Instituto_Hondure_o_del_Caf,-0.003269762781735008
Region_oromia,-0.003066418854723141
Region_huehuetenango,-0.003042638170041334
Grading_Date_September_27th_2012,-0.0030115397294830037
Country_of_Origin_Indonesia,-0.0028461004218099497
Certification_Body_Specialty_Coffee_Association,-0.00280133536502154
Region_marcala,-0.002792611656408117
Variety_Unknown,-0.002708897953965339
Grading_Date_December_18th_2014,-0.0027035689191514667
In_Country_Partner_Ethiopia_Commodity_Exchange,-0.0026272982056679385
Certification_Body_Ethiopia_Commodity_Exchange,-0.002624671803147449
Region_antioquia,-0.002549092004325448
Region_arusha,-0.002475686198726246
Mill_cadexsa,-0.002394839775576041
Grading_Date_April_8th_2015,-0.002213080714916549
Grading_Date_June_17th_2010,-0.0021983902706702585
Processing_Method_Semi_washed_Semi_pulped,-0.0021753084910243192
Variety_Pacamara,-0.002080333013531033
Certification_Body_Uganda_Coffee_Development_Authority,-0.0019662754388650506
Certification_Body_Kenya_Coffee_Traders_Association,-0.0019264780677845205
In_Country_Partner_Specialty_Coffee_Association,-0.001667531205983841
In_Country_Partner_Uganda_Coffee_Development_Authority,-0.00164950078590127
Mill_beneficio_exportacafe_agua_santa,-0.0015945521553346164
Number_of_Bags,-0.0014450338427369537
Variety_SL14,-0.001323420129754993
Region_chiangrai,-0.001258343114173144
Region_chiapas,-0.0012494137910660896
Variety_Caturra,-0.0012361062716315097
Region_cerrado,-0.0011957593475695472
Mill_kawacom,-0.00117230690411807
Variety_SL34,-0.0011448916751331418
Country_of_Origin_Costa_Rica,-0.0011307195835428053
Grading_Date_July_3rd_2012,-0.0011196210045836042
Grading_Date_April_6th_2012,-0.0011086030817204274
Country_of_Origin_Uganda,-0.0010741044070337936
Region_yunnan,-0.0008208659186234257
Grading_Date_May_15th_2014,-0.0005848018242790909
Grading_Date_September_3rd_2013,-0.0005824337152188441
Mill_trilladora_bonanza_armenia_quindioa,-0.0005159688892669712
In_Country_Partner_Specialty_Coffee_Association_of_Costa_Rica,-0.0005144377514791243
Grading_Date_February_9th_2011,-0.0004948221005325992
Altitude,-0.0004920374505722025
Variety_Mundo_Novo,-0.00043601715995746917
Certification_Body_Specialty_Coffee_Association_of_Costa_Rica,-0.00042528985493255344
Mill_la_conquista,-0.0003742922181209973
Grading_Date_June_16th_2014,-0.0003667653979254837
Grading_Date_February_15th_2015,-0.0003454602841585164
Grading_Date_March_29th_2013,-0.00031431720270067574
Quakers,-0.0002535471326351901
Mill_doi_tung_development_project,-0.00016723958850675124
Country_of_Origin_China,-5.6826712433521995e-05
Region_mahuixtlan,-1.3198475983466907e-06
Region_nayarit,-1.0971373237689264e-06
Grading_Date_February_25th_2014,-7.748427081510911e-07
Mill_caf_do_para_so,-7.340053280291415e-07
Region_comayagua_honduras,-6.417622049115224e-07
Grading_Date_May_20th_2013,-5.503970925913037e-07
Region_mubuyu_estate,-5.294958887125389e-07
Mill_coffee_business_center_cbc_dry_mill,-4.933061141576545e-07
Grading_Date_February_5th_2014,-4.051440667840467e-07
Grading_Date_November_3rd_2017,-4.025783302274988e-07
Mill_cohorsil,-3.701869083494458e-07
Grading_Date_January_22nd_2013,-3.662892037237242e-07
Grading_Date_May_2nd_2013,-3.02044702582549e-07
Grading_Date_May_4th_2011,-2.910244053078159e-07
Region_mmm,-2.690762920254386e-07
Grading_Date_January_14th_2014,-2.0735754908685066e-07
Grading_Date_May_31st_2012,-1.895434308840649e-07
Grading_Date_July_3rd_2015,-1.8599588791357036e-07
Mill_beneficio_de_caf_tecoxolco_s_de_r_l_de_c_v,-1.642106244759134e-07
Mill_moplaco,-1.6275496923512377e-07
Grading_Date_May_16th_2016,-1.5446753149905844e-07
Region_san_rafael,-1.5331858476130834e-07
Country_of_Origin_Zambia,-1.278578870778091e-07
Grading_Date_May_26th_2010,-1.2768522423822758e-07
Grading_Date_June_30th_2015,-1.2633289363517265e-07
Grading_Date_May_21st_2013,-1.1950301963548072e-07
Region_mountains_of_minas_gerais,-1.0306396009962527e-07
Mill_worka,-9.19408450927861e-08
Mill_alicia_s_farm,-8.527650934286868e-08
Mill_kongoni_estate,-8.409252063579232e-08
Region_kenya,-8.118619110319969e-08
Mill_beneficio_las_brisas,-7.163681197130955e-08
Mill_trilladora_europa,-5.8881862097237556e-08
Region_huanuco,-5.766122148642694e-08
Mill_en_el_plan_de_guadalupe,-5.635682704951961e-08
Grading_Date_September_27th_2017,-5.096946971150374e-08
Variety_Ethiopian_Yirgacheffe,-4.990976030239125e-08
Region_corillera_administrative,-4.942410867236902e-08
Region_gedio,-4.824228594380031e-08
Mill_pacho_viejo,-4.8077143155467184e-08
Region_ijen,-4.4725106151943807e-08
Region_totutla,-4.184417452535172e-08
Grading_Date_January_23rd_2014,-4.0502126275043795e-08
Grading_Date_May_29th_2013,-3.597282620670938e-08
Region_cerrado_monte_carmelo_minas_gerais,-3.2947629224899797e-08
Mill_guoxing_farm_coffee,-3.209434229489716e-08
Region_arusha_meru,-2.591659211681474e-08
Region_orient,-2.233462150780241e-08
Mill_lin_yuan_coffee,-2.2177171343784606e-08
Certification_Body_Blossom_Valley_International__1,-2.1606554989617166e-08
Mill__3,-1.8575734284098644e-08
Grading_Date_January_22nd_2016,-1.4331455400196092e-08
Region_petatlan,-1.3303666501762734e-08
Region_mt_elgon,-1.2313936292862593e-08
Grading_Date_February_13th_2013,-1.1779466690953199e-08
Country_of_Origin_Papua_New_Guinea,-1.0841534980876588e-08
Grading_Date_January_28th_2011,-9.124509481317489e-09
Grading_Date_October_25th_2012,-8.998994438513819e-09
Mill_bener_meriah_gayo,-8.081444646812486e-09
Mill_cafetal_santa_maria,-8.01045723086702e-09
Grading_Date_December_26th_2013__1,-7.482190400587285e-09
Grading_Date_October_4th_2016,-7.134298352085011e-09
Mill_cruz_verde,-7.070338337022975e-09
Grading_Date_September_3rd_2010,-6.128659446602569e-09
Grading_Date_January_19th_2018,-6.104002392426366e-09
Mill_baroida,-6.0378271493632955e-09
Mill_rio_jorco,-5.5055886960531096e-09
Grading_Date_May_26th_2014,-4.073153392347706e-09
Mill_dry_hull,-3.814348992214889e-09
Region_xochitonalco_huautla,-2.942724974808186e-09
Grading_Date_August_19th_2016,-2.1605432776183876e-09
Mill_zhuo_wu_shan_coffee,-1.8750006880452475e-09
Mill_beneficio_las_tres_puertas,-1.8496304043935651e-09
Mill_guo_xin_ka_fei,-1.7125907580961552e-09
Grading_Date_February_16th_2016,-9.857791916090263e-10
Grading_Date_February_16th_2012,-6.935547247621798e-10
Mill_beneficio_atlantic_sebaco,-4.1993399868545114e-10
Region_kefa_zone_gimbo_distict_at_a_place_called_woka_araba_south_west_ethiopia,-2.5099220479773974e-10
Mill_at_site_and_addis_ababa,-1.315429098980303e-10
Mill_sac_n_palma,-1.2067489230105367e-10
Grading_Date_February_17th_2017,-8.756737557291672e-11
Grading_Date_January_31st_2014,-4.816076426550353e-11
Grading_Date_June_28th_2016,-4.490110505628309e-11
Mill_premium_grade_a,-2.5362978384180223e-11
Grading_Date_May_28th_2015,-8.70266081420823e-12
Grading_Date_January_22nd_2015,-1.0383249815504314e-12
Region_west_nile,0.0
Grading_Date_August_29th_2012,0.0
Grading_Date_August_2nd_2012,0.0
Grading_Date_August_2nd_2013,0.0
Region_pereira,0.0
Region_motozintla,0.0
Grading_Date_August_2nd_2016,0.0
Grading_Date_August_30th_2013,0.0
Grading_Date_August_31st_2010,0.0
Grading_Date_August_3rd_2015,0.0
Grading_Date_August_7th_2013,0.0
Grading_Date_August_8th_2014,0.0
Grading_Date_August_8th_2017,0.0
Grading_Date_December_11th_2012,0.0
Grading_Date_December_12th_2013,0.0
Grading_Date_December_15th_2014,0.0
Grading_Date_December_16th_2014,0.0
Grading_Date_August_28th_2017,0.0
Grading_Date_August_27th_2015,0.0
Grading_Date_August_27th_2013,0.0
Region_sierra_madre_occidental,0.0
Region_sipi_mt_elgon,0.0
Grading_Date_April_9th_2010,0.0
Grading_Date_April_9th_2012,0.0
Grading_Date_August_11th_2014,0.0
Grading_Date_August_14th_2014,0.0
Grading_Date_August_15th_2014,0.0
Region_mountain_ali_taiwan,0.0
Grading_Date_August_16th_2011,0.0
Grading_Date_August_18th_2015,0.0
Grading_Date_December_17th_2014,0.0
Region_siguatepeque_comayagua,0.0
Grading_Date_August_20th_2012,0.0
Region_paksong_laos,0.0
Grading_Date_August_21st_2014,0.0
Grading_Date_August_23rd_2011,0.0
Grading_Date_August_23rd_2012,0.0
Region_sierra_norte_yajalon_chiapas,0.0
Grading_Date_August_23rd_2017,0.0
Grading_Date_August_25th_2014,0.0
Grading_Date_August_26th_2010,0.0
Region_sierra_chiapas,0.0
Region_sierra_fraylesca_chiapas,0.0
Grading_Date_December_1st_2011,0.0
Region_snnp_kaffa_zone_gimbowereda,0.0
Region_quetzaltenango,0.0
Region_pyinoolwin,0.0
Grading_Date_February_15th_2017,0.0
Region_pyin_oo_lwin,0.0
Region_puno,0.0
Grading_Date_February_17th_2016,0.0
Region_province_of_manabi_ecuador,0.0
Grading_Date_February_18th_2014,0.0
Grading_Date_February_1st_2011,0.0
Grading_Date_February_1st_2012,0.0
Grading_Date_February_20th_2015,0.0
Grading_Date_February_20th_2017,0.0
Region_pochutla,0.0
Grading_Date_February_22nd_2011,0.0
Grading_Date_February_23rd_2012,0.0
Grading_Date_February_23rd_2016,0.0
Region_pluma_hidalogo_oaxaca,0.0
Grading_Date_February_25th_2016,0.0
Grading_Date_February_26th_2013,0.0
Region_sacatepequez_guatemala,0.0
Region_shizingo_village,0.0
Region_san_bartolo_tutotepec,0.0
Grading_Date_February_13th_2015,0.0
Grading_Date_December_21st_2015,0.0
Region_sapan_toraja,0.0
Grading_Date_December_27th_2010,0.0
Region_santo_reyes_nopala,0.0
Grading_Date_December_27th_2013,0.0
Region_peru,0.0
Grading_Date_December_28th_2015,0.0
Grading_Date_December_28th_2016,0.0
Region_san_pedro_cotzilnam,0.0
Grading_Date_December_30th_2013,0.0
Region_san_miguel_del_puerto,0.0
Region_mogiana,0.0
Region_san_isidro,0.0
Grading_Date_December_3rd_2015,0.0
Grading_Date_December_6th_2013,0.0
Grading_Date_February_11th_2016,0.0
Grading_Date_February_13th_2012,0.0
Region_san_ignacio,0.0
Region_san_fernando,0.0
Grading_Date_February_14th_2014,0.0
Grading_Date_April_8th_2016,0.0
Region_snnprg_kafa_telo_woreda_shada_kebele,0.0
Grading_Date_April_8th_2014,0.0
Region__2,0.0
Region_ocotepeque,0.0
Region_occidental,0.0
Region_dongshan_dist_tainan_city__3,0.0
Region__3,0.0
Region_nueva_segovia,0.0
Region__4,0.0
Region__5,0.0
Region__6,0.0
Region__7,0.0
Region_norte,0.0
In_Country_Partner_Asociaci_n_Mexicana_De_Caf_s_y_Cafeter_as_De_Especialidad_A_C,0.0
In_Country_Partner_Centro_Agroecol_gico_del_Caf_A_C,0.0
Region_nkure_meru,0.0
Region_tepictla,0.0
Region_tepetzingo,0.0
In_Country_Partner_Torch_Coffee_Lab_Yunnan,0.0
Region_naranjo,0.0
Grading_Date_April_10th_2015,0.0
Region__1,0.0
Region_tlacuilotepec,0.0
Region_60,0.0
Region_tlanchinol_hidalgo,0.0
Region_west_valley,0.0
Region_west_and_central_valley,0.0
Region_xicotepec_de_juarez,0.0
Region_villa_talea_de_castro,0.0
Region_vietnam,0.0
Region_yauk_sauk_shan_state,0.0
Region_occidente,0.0
Region_yecuatla,0.0
Region_yunlin_gukeng_he_bao,0.0
Grading_Date_April_11th_2014,0.0
Region_yunlin,0.0
Region_tuxtla_gutierrez,0.0
Region_ywar_ngan_township,0.0
Region_zapotitlan_de_mendez,0.0
Region_turrialba,0.0
Region_tres_rios,0.0
Region_tlatlauquitepec,0.0
Region_zentla,0.0
Region_zihuatanejo_de_azueta,0.0
Region,0.0
Region_vale_da_grama,0.0
Region_ocosingo,0.0
Grading_Date_April_12th_2012,0.0
Grading_Date_April_13th_2010,0.0
Grading_Date_April_30th_2012,0.0
Region_taichung_xinshe,0.0
Grading_Date_April_30th_2014,0.0
Grading_Date_April_30th_2015,0.0
Grading_Date_April_3rd_2014,0.0
Grading_Date_April_4th_2016,0.0
Grading_Date_April_5th_2012,0.0
Region_taichung_taiping,0.0
Region_oromiya,0.0
Region_sumatra_brastagi,0.0
Region_sul_de_minas_carmo_de_minas,0.0
Region_sul_de_minas,0.0
Region_mt_rwenzori,0.0
Region_southern_zomba,0.0
Grading_Date_April_6th_2016,0.0
Grading_Date_April_6th_2017,0.0
Grading_Date_April_7th_2014,0.0
Region_solola,0.0
Grading_Date_April_7th_2016,0.0
Grading_Date_April_2nd_2014,0.0
Grading_Date_April_2nd_2012,0.0
Grading_Date_April_29th_2015,0.0
Grading_Date_April_28th_2017,0.0
Region_ohuapan_tlaltetela,0.0
Grading_Date_April_14th_2014,0.0
Grading_Date_April_15th_2016,0.0
Grading_Date_April_16th_2013,0.0
Region_temaxcalapa,0.0
Region_talpa_de_allende,0.0
Grading_Date_April_17th_2014,0.0
Grading_Date_April_19th_2013,0.0
Region_nanxi_dist_tainan_city,0.0
Grading_Date_April_12th_2014,0.0
Grading_Date_April_19th_2017,0.0
Grading_Date_April_23rd_2015,0.0
Region_taiwu_township_pingtung_county,0.0
Grading_Date_April_24th_2015,0.0
Grading_Date_April_25th_2014,0.0
Grading_Date_April_26th_2013,0.0
Grading_Date_April_26th_2014,0.0
Grading_Date_April_26th_2016,0.0
Grading_Date_April_27th_2012,0.0
Grading_Date_April_27th_2016,0.0
Grading_Date_April_21st_2011,0.0
Region_phahi,0.0
Grading_Date_January_2nd_2015,0.0
Grading_Date_February_27th_2013,0.0
Grading_Date_May_18th_2010,0.0
Grading_Date_May_18th_2016,0.0
Grading_Date_May_18th_2017,0.0
Grading_Date_May_19th_2015,0.0
Grading_Date_May_19th_2016,0.0
Grading_Date_May_22nd_2012,0.0
Grading_Date_May_22nd_2014,0.0
Grading_Date_May_22nd_2015,0.0
Grading_Date_May_22nd_2017,0.0
Grading_Date_May_23rd_2012,0.0
Grading_Date_May_24th_2013,0.0
Grading_Date_May_25th_2015,0.0
Grading_Date_May_26th_2015,0.0
Grading_Date_May_28th_2014,0.0
Grading_Date_May_2nd_2016,0.0
Grading_Date_May_30th_2013,0.0
Grading_Date_May_31st_2013,0.0
Grading_Date_May_5th_2014,0.0
Grading_Date_May_5th_2015,0.0
Grading_Date_May_6th_2015,0.0
Grading_Date_May_7th_2015,0.0
Grading_Date_May_7th_2016,0.0
Grading_Date_May_8th_2014,0.0
Grading_Date_May_8th_2017,0.0
Grading_Date_May_9th_2013,0.0
Grading_Date_May_9th_2017,0.0
Grading_Date_November_11th_2010,0.0
Grading_Date_May_17th_2010,0.0
Grading_Date_November_15th_2017__1,0.0
Grading_Date_May_16th_2014,0.0
Grading_Date_May_12th_2017,0.0
Grading_Date_March_1st_2011,0.0
Grading_Date_March_20th_2013,0.0
Grading_Date_March_21st_2013,0.0
Grading_Date_March_21st_2014,0.0
Grading_Date_March_23rd_2017,0.0
Grading_Date_March_24th_2014,0.0
Grading_Date_March_26th_2012,0.0
Grading_Date_March_26th_2015,0.0
Grading_Date_March_27th_2014,0.0
Grading_Date_March_28th_2015,0.0
Grading_Date_March_29th_2016,0.0
Grading_Date_March_2nd_2013,0.0
Grading_Date_March_30th_2015,0.0
Grading_Date_March_31st_2014,0.0
Grading_Date_March_4th_2013,0.0
Grading_Date_March_4th_2015,0.0
Grading_Date_March_5th_2014,0.0
Grading_Date_March_7th_2014,0.0
Grading_Date_March_8th_2011,0.0
Grading_Date_March_8th_2017,0.0
Grading_Date_March_9th_2011,0.0
Grading_Date_May_10th_2013,0.0
Grading_Date_May_10th_2017,0.0
Grading_Date_May_11th_2017,0.0
Grading_Date_May_12th_2011,0.0
Grading_Date_May_12th_2014,0.0
Grading_Date_May_12th_2015,0.0
Grading_Date_May_13th_2014,0.0
Grading_Date_November_16th_2011,0.0
Grading_Date_November_17th_2015,0.0
Grading_Date_November_20th_2015,0.0
Grading_Date_September_14th_2015,0.0
Grading_Date_September_15th_2015,0.0
Grading_Date_September_17th_2015,0.0
Grading_Date_September_19th_2017,0.0
Grading_Date_September_1st_2017,0.0
Grading_Date_September_20th_2016,0.0
Grading_Date_September_21st_2016,0.0
Grading_Date_September_23rd_2013,0.0
Grading_Date_September_29th_2015,0.0
Grading_Date_September_4th_2014,0.0
Grading_Date_September_5th_2013,0.0
Grading_Date_September_7th_2010,0.0
Grading_Date_September_7th_2011,0.0
Grading_Date_September_7th_2015,0.0
Grading_Date_September_9th_2016,0.0
Variety_Blue_Mountain,0.0
Variety_Ethiopian_Heirlooms,0.0
Variety_Mandheling,0.0
Variety_Marigojipe,0.0
Variety_Moka_Peaberry,0.0
Variety_Pache_Comun,0.0
Variety_Sulawesi,0.0
Variety_Sumatra,0.0
Variety_Sumatra_Lintong,0.0
Certification_Body_Asociaci_n_Mexicana_De_Caf_s_y_Cafeter_as_De_Especialidad_A_C,0.0
Certification_Body_Centro_Agroecol_gico_del_Caf_A_C,0.0
Certification_Body_Torch_Coffee_Lab_Yunnan,0.0
Grading_Date_September_13th_2013,0.0
Grading_Date_September_12th_2014,0.0
Grading_Date_September_12th_2012,0.0
Grading_Date_September_10th_2012,0.0
Grading_Date_November_22nd_2013,0.0
Grading_Date_November_23rd_2014,0.0
Grading_Date_November_26th_2012,0.0
Grading_Date_November_29th_2010,0.0
Grading_Date_November_2nd_2016,0.0
Grading_Date_November_3rd_2015,0.0
Grading_Date_November_5th_2014,0.0
Grading_Date_November_7th_2013,0.0
Grading_Date_November_7th_2015,0.0
Grading_Date_November_8th_2016,0.0
Grading_Date_October_15th_2014,0.0
Grading_Date_October_17th_2017,0.0
Grading_Date_October_18th_2016,0.0
Grading_Date_March_19th_2012,0.0
Grading_Date_October_19th_2012,0.0
Grading_Date_October_1st_2014,0.0
Grading_Date_October_23rd_2012,0.0
Grading_Date_October_23rd_2014,0.0
Grading_Date_October_26th_2015,0.0
Grading_Date_October_26th_2016,0.0
Grading_Date_October_28th_2014,0.0
Grading_Date_October_29th_2013,0.0
Grading_Date_October_31st_2014,0.0
Grading_Date_October_4th_2011,0.0
Grading_Date_October_4th_2013,0.0
Grading_Date_October_5th_2012,0.0
Grading_Date_October_7th_2013,0.0
Grading_Date_October_7th_2014,0.0
Grading_Date_October_1st_2013,0.0
Grading_Date_February_26th_2016,0.0
Grading_Date_March_18th_2014,0.0
Grading_Date_March_17th_2016,0.0
Grading_Date_January_30th_2017,0.0
Grading_Date_January_31st_2012,0.0
Grading_Date_January_3rd_2012,0.0
Grading_Date_January_3rd_2014,0.0
Grading_Date_January_4th_2011,0.0
Grading_Date_January_6th_2012,0.0
Grading_Date_January_6th_2015,0.0
Grading_Date_January_8th_2013,0.0
Grading_Date_January_8th_2014,0.0
Grading_Date_January_9th_2012,0.0
Grading_Date_January_9th_2013,0.0
Grading_Date_July_10th_2013,0.0
Grading_Date_July_14th_2015,0.0
Grading_Date_July_15th_2014,0.0
Grading_Date_July_15th_2016,0.0
Grading_Date_July_16th_2012,0.0
Grading_Date_July_16th_2013,0.0
Grading_Date_July_16th_2014,0.0
Grading_Date_July_17th_2013,0.0
Grading_Date_July_19th_2011,0.0
Grading_Date_July_20th_2012,0.0
Grading_Date_July_20th_2015,0.0
Grading_Date_July_21st_2014,0.0
Grading_Date_July_21st_2015,0.0
Grading_Date_July_21st_2016,0.0
Grading_Date_July_22nd_2014,0.0
Grading_Date_July_22nd_2016,0.0
Grading_Date_January_2nd_2014,0.0
Grading_Date_July_23rd_2010,0.0
Grading_Date_January_29th_2015,0.0
Grading_Date_January_28th_2014,0.0
Grading_Date_February_27th_2014,0.0
Grading_Date_February_27th_2015,0.0
Grading_Date_February_3rd_2015,0.0
Grading_Date_February_3rd_2016,0.0
Grading_Date_February_6th_2014,0.0
Grading_Date_February_6th_2017,0.0
Grading_Date_February_7th_2013,0.0
Grading_Date_February_7th_2014,0.0
Grading_Date_February_8th_2012,0.0
Grading_Date_February_9th_2012,0.0
Grading_Date_January_10th_2017,0.0
Grading_Date_January_11th_2018,0.0
Grading_Date_January_12th_2016,0.0
Grading_Date_January_13th_2015,0.0
Grading_Date_January_16th_2017,0.0
Grading_Date_January_18th_2012,0.0
Grading_Date_January_19th_2017,0.0
Grading_Date_January_20th_2014,0.0
Grading_Date_January_20th_2017,0.0
Grading_Date_January_21st_2013,0.0
Grading_Date_January_21st_2014,0.0
Grading_Date_January_21st_2016,0.0
Grading_Date_January_22nd_2014,0.0
Grading_Date_January_23rd_2012,0.0
Grading_Date_January_25th_2011,0.0
Grading_Date_January_25th_2012,0.0
Grading_Date_January_27th_2014,0.0
Grading_Date_January_29th_2013,0.0
Grading_Date_July_23rd_2015,0.0
Grading_Date_July_24th_2017,0.0
Grading_Date_July_25th_2012,0.0
Grading_Date_June_27th_2013,0.0
Grading_Date_June_27th_2014,0.0
Grading_Date_June_29th_2010,0.0
Grading_Date_June_2nd_2016,0.0
Grading_Date_June_30th_2017,0.0
Grading_Date_June_3rd_2013,0.0
Grading_Date_June_4th_2012,0.0
Grading_Date_June_5th_2012,0.0
Grading_Date_June_5th_2013,0.0
Grading_Date_June_5th_2015,0.0
Grading_Date_June_5th_2017,0.0
Grading_Date_June_6th_2013,0.0
Grading_Date_June_6th_2017,0.0
Grading_Date_June_7th_2012,0.0
Grading_Date_June_8th_2012,0.0
Grading_Date_March_10th_2015,0.0
Grading_Date_March_11th_2013,0.0
Grading_Date_March_11th_2015,0.0
Grading_Date_March_12th_2013,0.0
Grading_Date_March_12th_2015,0.0
Grading_Date_March_13th_2014,0.0
Grading_Date_March_14th_2016,0.0
Grading_Date_March_14th_2017,0.0
Grading_Date_March_15th_2011,0.0
Grading_Date_March_15th_2013,0.0
Grading_Date_March_15th_2016,0.0
Grading_Date_March_16th_2012,0.0
Grading_Date_June_26th_2017,0.0
Grading_Date_June_26th_2014,0.0
Grading_Date_June_26th_2012,0.0
Grading_Date_June_25th_2015,0.0
Grading_Date_July_26th_2013,0.0
Grading_Date_July_27th_2012,0.0
Grading_Date_July_27th_2017,0.0
Grading_Date_July_28th_2014,0.0
Grading_Date_July_29th_2011,0.0
Grading_Date_July_2nd_2012,0.0
Grading_Date_July_31st_2015,0.0
Grading_Date_July_5th_2013,0.0
Grading_Date_July_6th_2015,0.0
Grading_Date_July_7th_2017,0.0
Grading_Date_July_8th_2015,0.0
Grading_Date_June_10th_2014,0.0
Grading_Date_June_10th_2015,0.0
Grading_Date_March_18th_2013,0.0
Grading_Date_June_11th_2015,0.0
Grading_Date_June_15th_2016,0.0
Grading_Date_June_16th_2010,0.0
Grading_Date_June_18th_2015,0.0
Grading_Date_June_1st_2016,0.0
Grading_Date_June_20th_2017,0.0
Grading_Date_June_21st_2011,0.0
Grading_Date_June_21st_2012,0.0
Grading_Date_June_21st_2013,0.0
Grading_Date_June_21st_2017,0.0
Grading_Date_June_22nd_2017,0.0
Grading_Date_June_23rd_2016,0.0
Grading_Date_June_23rd_2017,0.0
Grading_Date_June_24th_2014,0.0
Grading_Date_June_13th_2017,0.0
Region_mkuu_rombo,0.0
Region_santa_ana,0.0
Region_meru_county,0.0
Mill_cauca,0.0
Mill_pu_er_lingdu_yunlin_coffee_co_ltd_mill,0.0
Mill_cartago,0.0
Mill_pu_er_specialty_coffee_cupping_center,0.0
Mill_r_w_j_wallace_ltd,0.0
Mill_carapina_armazens_gerais,0.0
Mill_carapina,0.0
Mill_rancho_los_laureles,0.0
Mill_rancho_vigia,0.0
Mill_rio_hamaca,0.0
Mill_canoa_manzanillo,0.0
Mill_san_carlos,0.0
Mill_san_diego_buena_vista,0.0
Mill_caf_don_balbino,0.0
Mill_san_fernando_chiapas,0.0
Mill_san_jos_neiva,0.0
Mill_san_jos_y_el_portillo,0.0
Mill_san_miguel,0.0
Mill_san_pedro_cotzilnam_municipio_de_aldama_chiapas,0.0
Mill_santa_adelaida,0.0
Mill_santa_maria_temaxcalapa,0.0
Mill_sapan_toraja,0.0
Mill_sarimakmur,0.0
Mill_pt_olam_indonesia,0.0
Mill_sasini_kofinaf_mills,0.0
Mill_pt_menacom,0.0
Mill_chang_yu_liang,0.0
Mill_comitla,0.0
Mill_coatepec_ver,0.0
Mill_cnra_station_of_divo,0.0
Mill_ngila_estate_ltd,0.0
Mill_ckcm_nkg,0.0
Mill_nile_highland_arabica_coffee_farmers,0.0
Mill_nitin_coffee_estate,0.0
Mill_nkg_coffee_mills,0.0
Mill_nkg_ck_hc_ss_kccm,0.0
Mill_ckcm,0.0
Mill_none,0.0
Mill_nyapea,0.0
Mill_olam,0.0
Mill_olam_honduras,0.0
Mill_only_dry_mill,0.0
Mill_cigrah_sps,0.0
Mill_organizacion_union_de_ejidos_adolfo_lopez_mateos,0.0
Mill_palinsa_beneficiado_seco_santo_tomas_pachuj_beneficiado_humedo,0.0
Mill_palo_blanco_tlacuilotepec_puebla,0.0
Mill_cigrah_s_a_de_c_v,0.0
Mill_pe_a_campana,0.0
Mill_planta_procesadora_sebaco,0.0
Mill_popay_n,0.0
Mill_productos_organicos_de_canoas_spr_de_rl,0.0
Mill_sasini_mills,0.0
Mill_seid_damtew_coffee_export_and_plantation,0.0
Mill_cafex,0.0
Mill_burka_coffee_estates,0.0
Mill_bulamburi_coffee_farmers,0.0
Mill_bukonzo_joint_cfs,0.0
Mill_buenas_vista_municipio_de_san_bartolo_tutotepec,0.0
Mill_el_patalillo,0.0
Mill_trilladora_bonanza_armenia_quindio,0.0
Mill_trilladora_picale_a,0.0
Mill_tropica_galliard,0.0
Mill_tsoustructive_garden,0.0
Mill_tulla_coffee_farm,0.0
Mill_tutunze_kahawa_ltd,0.0
Mill_tuxpal,0.0
Mill_ugacof,0.0
Mill_union_ramal_santa_cruz,0.0
Mill_utcam_usine_traitement_cafe_marmelade,0.0
Mill_various_smallholders_wet_mills,0.0
Mill_very_famous_intl,0.0
Mill_bogota,0.0
Mill_via_seca,0.0
Mill_villa_talea_de_castro_oaxaca,0.0
Mill_bi_yun_si_shi_yi,0.0
Mill_wolensu,0.0
Mill_xicotepec_de_juarez,0.0
Mill_triladora_bonanza_armenia,0.0
Mill_triladora_bonanza,0.0
Mill_tokoffee,0.0
Mill_burka_gudina,0.0
Mill_selian_coffee_estate,0.0
Mill_cafetaleros_de_la_yerbabuena_spr_de_rl,0.0
Mill_several_coricafe_dry_mill,0.0
Mill_shah_plantation,0.0
Mill_cafetalera_aquiares,0.0
Mill_shangrilla_estate_ltd,0.0
Mill_sheng_he_shang_pin_coffee,0.0
Mill_cafetal_sinai,0.0
Mill_shwe_yin_mar,0.0
Mill_soc_coop_de_caf_de_ciudad_barrios_de_r_l,0.0
Mill_song_yue_coffee,0.0
Mill_municipio_monte_cristo_de_guerrero_chiapasmunicipio_monte_cristo_de_guerrero,0.0
Mill_spot,0.0
Mill_cafetal_la_ordu_a,0.0
Mill_taiwan_hao_ka,0.0
Mill_cafetal_el_equimite_rancho_agroecol_gico,0.0
Mill_cafes_tomari_sa_de_cv,0.0
Mill_cafes_de_naranjal_s_a_de_c_v,0.0
Mill_cafeco_3,0.0
Mill_tembo_coffee_company_ltd,0.0
Mill_tepictla_y_xalapa_veracruz,0.0
Mill_the_beneficio_is_designed_to_be_ecologic,0.0
Mill_tlamatoca_hutusco_ver,0.0
Mill_tlavictepan_huatusco,0.0
Mill_sunshine_valley_estate,0.0
Mill_mu_he_zi_coffee,0.0
Mill_comunidad_de_sac_n_palma_municipio_de_chil_n_chiapas,0.0
Mill_monte_blanco,0.0
Mill_finca_la_ordu_a_coatepec_ver,0.0
Mill_finca_las_nieves,0.0
Mill_dry_in_solar_beds,0.0
Mill_finca_mata_larga,0.0
Mill_finca_montegrande_jaltenango,0.0
Mill_finca_quequesquez,0.0
Mill_finca_santa_clara_localidad_de_zona_del_bul_san_pedro_pochutla_oaxaca,0.0
Mill_florencia,0.0
Mill_gao_chun_fang,0.0
Mill_garca_armazens,0.0
Mill_genius_coffee_estate,0.0
Mill_great_lakes_coffee,0.0
Mill_dry,0.0
Mill_gudmale,0.0
Mill_gumutindo,0.0
Mill_guo_cun_nong_yuan,0.0
Mill_dragon_coffee__1,0.0
Mill_hacienda_la_esmeralda,0.0
Mill_hand_peeled,0.0
Mill_hani,0.0
Mill_huatusco,0.0
Mill_dragon_coffee,0.0
Mill_hulling_facility,0.0
Mill_ecc,0.0
Mill_finca_jamaica_san_gabriel_mixtepec_juquila_oaxaca,0.0
Mill_finca_hamburgo,0.0
Mill_finca_estate,0.0
Mill_el_pino_cosautlan_de_carvajal,0.0
Mill_el_romnace_azul_rio_verde,0.0
Mill_el_olvido_zentla_veracruz,0.0
Mill_el_tesoro,0.0
Mill_elida_estate,0.0
Mill_en_ahuatitlan,0.0
Mill_el_morito,0.0
Mill_en_chiatipan_municipio_de_huazalingo,0.0
Mill_en_cortado_beneficiado_y_secado_por_el_productor,0.0
Mill_en_coyula,0.0
Mill_el_mirador,0.0
Mill_hustusco,0.0
Mill_el_mavodo,0.0
Mill_el_desmoronado,0.0
Mill_en_santa_maria_temaxcalapa,0.0
Mill_ephemera_traders,0.0
Mill_el_chipoco_municipio_de_tlanchinol,0.0
Mill_exclusive_coffees_s_a,0.0
Mill_exportadora_atlantic_sa_pp_condega,0.0
Mill_exportadora_caf_california,0.0
Mill_f_i_e_c_h,0.0
Mill_falcafe_s_a_de_c_v,0.0
Mill_finca_camila,0.0
Mill_echo_coffee_mill,0.0
Mill_el_injerto_s_a,0.0
Mill_beneficio_soppexcca,0.0
Mill_hvc,0.0
Mill_iliatenco_guerrero,0.0
Mill_la_herradura,0.0
Mill_la_laja_pinillos_veracruz,0.0
Mill_la_majada_cooperative,0.0
Mill_la_tejeria,0.0
Mill_la_yerba,0.0
Mill_coopeagri,0.0
Mill_coop_hoja_blanca_fedecocagua,0.0
Mill_coocafe_r_l,0.0
Mill_local_made,0.0
Mill_concepcion,0.0
Mill_los_barreales_teocelo_veracruz,0.0
Mill_los_pinoslos_pinos,0.0
Mill_m10,0.0
Mill_mazatepec_tlatlauquitepec_puebla,0.0
Mill_mcomafa,0.0
Mill_mecatl_n_veracruz,0.0
Mill_menglian_ban_an_coffee_processing_factory,0.0
Mill_menglian_county_nayun_town_mangzhang_coffee_farm,0.0
Mill_menglian_mang_pan_professional_cooperative,0.0
Mill_metad_plc,0.0
Mill_micro_beneficio_la_caba_a_javier_meza,0.0
Mill_mojiang_jinggong_estate_speciality_development_co_ltd_mill,0.0
Mill_mondul_coffee_estate,0.0
Mill_cooperative_agro_industrielle_de_marmela,0.0
Mill_la_eva,0.0
Mill_coopetarraz,0.0
Mill_copag_armaz_ns_gerais_ltda,0.0
Mill_dae_ltd,0.0
Mill_cuauhtemoc_321_col_trinidad_de_las_huertas,0.0
Mill_cosautlan_de_carvajal_veracruz_m_xico,0.0
Mill_ixchel,0.0
Mill_j_hill_y_cia,0.0
Mill_j_j_borja_nathan,0.0
Mill_jacob_s_estate,0.0
Mill_jia_jia_coffee,0.0
Mill_jing_jing_caf,0.0
Mill_juanana_coffee_association,0.0
Mill_ka_vulungan_coffee_estate,0.0
Mill_dinamo_armazens_gerais_ltda,0.0
Mill_corta_pico_balbino_ramirez,0.0
Mill_kalugmanan_agri_development_corp,0.0
Mill_kan_tou_mountain_coffee,0.0
Mill_corral_del_diablo_lote_1,0.0
Mill_karatu_estate,0.0
Mill_kerchanshe,0.0
Mill_kiriyama_washing_station,0.0
Mill_cordoba_ver,0.0
Mill_kucofa_farmers_group,0.0
Mill_kyagalanyi_coffee_ltd,0.0
Mill_la_concordia_chiapas,0.0
Mill_la_distancia,0.0
Mill_kabum_trading_company,0.0
Mill_xu_yuan_zhang,0.0
Mill_bucaramanga,0.0
Mill_you_siang_coffee_farmtainan_taiwan,0.0
Region_eastern_uganda,0.0
Region_eje_cafetero,0.0
Region_el_balsamo_quezaltepec,0.0
Region_el_desmoronado_talpan_de_allende_jalisco,0.0
Mill_amsa_tuxtla,0.0
Mill_amsa_oaxaca,0.0
Region_el_para_so,0.0
Mill_alishan_zou_zhu_yuan,0.0
Region_escuitla,0.0
Region_east_java,0.0
Region_fln_mirador,0.0
Region_grama_valley,0.0
Region_guayata,0.0
Region_guinope_el_para_so,0.0
Region_guji_hambela,0.0
Region_haiti,0.0
Region_high_mogiana,0.0
Region_huautla_de_jimenez,0.0
Region_huazalingo_hidalgo,0.0
Mill_alcafe_s_a_de_c_v,0.0
Region_fort_n_de_las_flores,0.0
Region_dongshan_dist_tainan_city,0.0
Mill_angel_albino_corzo_chiapas,0.0
Region_dolok_sanggul,0.0
Region_changhua_baguashan,0.0
Region_chiang_rai,0.0
Region_chiang_rai_thailand,0.0
Region_chiapas_jaltenango,0.0
Mill_armazens_gerais_cocarive,0.0
Mill_aricha_coop,0.0
Region_chickmangalore,0.0
Region_chil_n,0.0
Region_chuva_san_marcos,0.0
Mill_apollo_estate,0.0
Region_cnra_station_of_divo,0.0
Region_coatepec_coatepec,0.0
Mill_antioquia,0.0
Region_cofradia_de_suchitlan,0.0
Region_colima,0.0
Region_cordoba,0.0
Region_coscomatepec,0.0
Region_cuarente_o,0.0
Mill_yes,0.0
Region_dala,0.0
Region_dipilto_nueva_segovia,0.0
Region_huila_supremo,0.0
Region_chamarel_south_west,0.0
Region_hustusco,0.0
Region_iliatenco_guerrero,0.0
Region_la_yerbabuena,0.0
Region_leye_alishan_township_chiayi_county,0.0
Region_leye_alishan_township_chiayi_county__1,0.0
Country_of_Origin_Japan,0.0
Country_of_Origin_India,0.0
Region_limu,0.0
Region_lintong,0.0
Region_los_angeles,0.0
Country_of_Origin_Haiti,0.0
Region_la_yerba,0.0
Region_mantiqueira_de_minas,0.0
Country_of_Origin_Ecuador,0.0
Region_manzanillo,0.0
Region_marmelade,0.0
Country_of_Origin_Cote_d_Ivoire,0.0
Region_matas_de_minas,0.0
Region_mbale,0.0
Region_mbinga,0.0
Region_menglian,0.0
Region_meru,0.0
Region_manyara_karatu,0.0
Region_la_reforma_san_marcos,0.0
Country_of_Origin_Laos,0.0
Country_of_Origin_Mauritius,0.0
Mill_agroindustrias_unidas_de_mexico,0.0
Mill_ada_farm,0.0
Region_ilomba_vilage_mbozi,0.0
Region_indonesia,0.0
Mill_ac_la_laja_sa_de_cv,0.0
Region_iwala_village_mbeya_rural,0.0
Mill_a_shu_she_coffee,0.0
Mill_17_18,0.0
Region_jalapa,0.0
Region_jaltenango,0.0
Region_juquila,0.0
Region_kakoma,0.0
Region_kapchorwa,0.0
Region_kapchorwa_eastern,0.0
Region_karatu_arusha,0.0
Region_karatu_ngorogoro,0.0
Region_karatu_northern,0.0
Region_kasese,0.0
Country_of_Origin_Unknown,0.0
Region_kayanza,0.0
Region_kelem_welega,0.0
Region_ikand_village,0.0
Mill_arusha,0.0
Region_cundinamarca,0.0
Region_central_america,0.0
Region_bener_meriah,0.0
Region_berastagi,0.0
Mill__8,0.0
Mill__7,0.0
Mill_beneficio_dos_puentes,0.0
Region_blend,0.0
Mill__6,0.0
Mill_beneficio_el_grande,0.0
Mill_beneficio_de_cafetaleros_el_remudadero_s_p_r_de_r_l,0.0
Region_bondowoso,0.0
Mill_beneficio_santa_rosa_s_a,0.0
Mill__5,0.0
Mill_beneficio_cuzcachapa,0.0
Mill_hoe_vs_flower_coffee_farm,0.0
Mill_beneficio_seco_de_cafe_de_la_soc_coop_tzotzilotic_tzobolotic_scl,0.0
Mill_4_88,0.0
Region_blida_kercha_guji_oromia,0.0
Region_baihe_dist_tainan_city,0.0
Region_atoyac_de_alvarez,0.0
Region_atitlan,0.0
Mill_beneficio_san_diego,0.0
Mill_beneficio_san_fernando,0.0
Region_ada_okinawa_japan,0.0
Region_addis_ababa,0.0
Mill__12,0.0
Region_adolfo_lopez_mateos,0.0
Region_aldea_xeucalvitz_ixil_region_quiche_department,0.0
Region_alta_paulista_sao_paulo,0.0
Mill__11,0.0
Mill_beneficio_palinsa,0.0
Mill__10,0.0
Region_central_region,0.0
Mill_beneficio_la_igualdad,0.0
Mill__9,0.0
Mill_beneficio_el_morito,0.0
Region_aricha,0.0
Region_asia_pacific,0.0
Mill_beneficio_cafetaleros_del_arrayanal,0.0
Region_brunca,0.0
Region_aceh,0.0
Mill_beneficio_atlantic_planta_procedora_condega,0.0
Mill_beneficio_serben,0.0
Mill_beneficio_2000,0.0
Region_cajamarca,0.0
Mill_zapotitlan_de_mendez_puebla,0.0
Mill__4,0.0
Mill_baijiada_coffee_farm,0.0
Mill_yunnan_louis_herbs_r_d_center,0.0
Region_calnali_hidalgo,0.0
Mill_bai_he_lin_coffee,0.0
Mill_bachue,0.0
Region_campos_altos_cerrado,0.0
Region_canoas,0.0
Mill_aspinwall_co_ltd_mangalore,0.0
Mill_yu_jin_gui,0.0
Region_cauca,0.0
Mill_zaragoza_montelibano_pamal_navil,0.0
Region_cacahuatique,0.0
Mill_bcu,0.0
Mill__1,0.0
Mill_beneficio_atlantic_condega,0.0
Mill__2,0.0
Mill,0.0
Region_bukidnon_mindanao_philppines,0.0
Mill_zhang_li_hong_coffee,0.0
Grading_Date_June_27th_2016,2.843858482037831e-12
Grading_Date_May_27th_2014,3.2558178375552415e-12
Grading_Date_January_5th_2012,8.538991735917988e-12
Mill_amkeni_gourmet_coffee_group,1.0289036289634623e-11
Grading_Date_April_29th_2013,2.3266211179873152e-11
Mill_sasini,3.1430036351309807e-11
Region_sac_n_palma_municipio_de_chil_n_chiapas,3.8148728620512885e-11
Mill_pasto,4.7712678252764815e-11
Mill_el_borbollon,1.4622063559954767e-10
Grading_Date_August_9th_2016,1.9933512618308668e-10
Region_doi_chaang_village_chiang_rai_thialand,2.6672213326861537e-10
Mill_yun_lan_coffee_co_ltd_mill,3.25447424565084e-10
Mill_dongshan_gaoyuan_village_chief_manor_coffee_tainan_taiwan,7.699362924995512e-10
Region_mumirwa,8.066637136039389e-10
Grading_Date_September_28th_2017,1.3393800735173044e-09
Mill_bogota_bachue,1.600690313630082e-09
Region_el_tumbador_san_marcos,1.7773189586733906e-09
Grading_Date_January_25th_2016,1.9560340236424167e-09
Mill_los_angeles_micro_mill,2.7150871106940146e-09
Region_xishuangbanna_prefecture,2.717945823960122e-09
Grading_Date_September_4th_2017,2.9164483716925817e-09
Region_eastern_highlands_province,3.609303234064498e-09
Region_penachi_cecanor,5.1578067372659575e-09
Region_guoshing_township,5.172567885125545e-09
Grading_Date_May_7th_2013,5.1874928130857255e-09
In_Country_Partner_Blossom_Valley_International__1,5.257508206568673e-09
Mill_drima_zede,6.520369599805065e-09
Mill_sogestal_mumirwa,8.213914637344999e-09
Grading_Date_January_24th_2014,1.0485539680971101e-08
Region_western_region,1.1766454610651067e-08
Grading_Date_June_25th_2014,1.1780517694681692e-08
Mill_el_regadito,1.3263945075614459e-08
Certification_Body_Central_De_Organizaciones_Productoras_De_Caf_y_Cacao_Del_Per_Central_Caf_Cacao,1.4258377922793386e-08
Grading_Date_May_9th_2014,1.494804027224461e-08
Mill_procesadora_del_sur_sa,1.4964154249064165e-08
Mill_faysal_abamecha_processing_plant_at_yebu_town,1.6968205307499316e-08
Mill_el_pacayal_amatenango_de_la_frontera_chiapas,1.768567321480674e-08
Mill_llano_hermoso_xochitonalco_huautla_oaxaca,1.980092347864115e-08
Grading_Date_April_25th_2016,1.9855403454727137e-08
Mill_cafico,2.3161857787279415e-08
Region_muranga,2.511152568107633e-08
Grading_Date_July_5th_2016,2.5232337663716464e-08
Mill_el_regalito,2.627015922573861e-08
Grading_Date_October_9th_2017,2.7761752696697782e-08
In_Country_Partner_Central_De_Organizaciones_Productoras_De_Caf_y_Cacao_Del_Per_Central_Caf_Cacao,3.1572674630275796e-08
Region_santa_catarina_juquila,3.661483882755334e-08
Region_juchique_de_ferrer,3.863438520212981e-08
Mill_dos_puentes_de_finca_kassandra,4.073678534499692e-08
Grading_Date_May_30th_2014,4.376338929024115e-08
Grading_Date_January_20th_2015,4.478517021677675e-08
Mill_sasini_mills_thika_cofee_mills,4.925902277186367e-08
Region_gicumbi,5.612158850976101e-08
Grading_Date_June_16th_2017,5.691603257584887e-08
Region_ethiopia_sidamo,6.089807533804503e-08
Mill_beneficio_casa_ruiz_s_a,6.358847217668995e-08
Region_aceh_gayo,7.342427803536111e-08
Grading_Date_March_23rd_2011,8.112850646835312e-08
Region_costa_rica,8.729537055440773e-08
Grading_Date_July_9th_2012,9.067628223835555e-08
Grading_Date_June_2nd_2015,9.914638920971441e-08
Region_chapulhuacan_hidalgo,1.01986320633074e-07
Mill_puer_jiangcheng_fuwang_coffee_biotechnology_co_ltd,1.0900751064024661e-07
Grading_Date_March_25th_2016,1.1160088853046091e-07
Mill_santa_maria_siltepec,1.2971183640519968e-07
Mill_la_esperanza_municipio_juchique_de_ferrer_veracruz,1.3971225243381014e-07
Country_of_Origin_Rwanda,1.5575923739685749e-07
Mill_mmm,1.6830978706305898e-07
Grading_Date_August_31st_2016,2.2476653176450868e-07
Mill_en_el_progreso,3.58677926448614e-07
Grading_Date_April_15th_2015,3.612665236074619e-07
Mill_arroyo_triste_arroyo_triste_san_jose_vista_hermosa,3.690893600527545e-07
Grading_Date_August_25th_2017,3.737968684802695e-07
Grading_Date_June_20th_2014,3.753937941830543e-07
Mill_copag_varginha_mg,4.6532162298884574e-07
Grading_Date_August_17th_2012,6.293336020535278e-07
Grading_Date_December_23rd_2011,6.587082428843871e-07
Region_santa_maria_sitepec,7.04597470613244e-07
Grading_Date_July_29th_2014,1.1322079589870526e-06
Region_minas_gerais_br,1.517664479377956e-06
Region_antigua,1.736413387924962e-05
Region_comayagua,4.1581875133767096e-05
In_Country_Partner_Tanzanian_Coffee_Board,4.259515546456427e-05
Variety_Hawaiian_Kona,4.63052891804816e-05
Certification_Body_Tanzanian_Coffee_Board,7.011348090604219e-05
In_Country_Partner_NUCOFFEE,7.130727895880984e-05
In_Country_Partner_Kenya_Coffee_Traders_Association,7.528283800328772e-05
Region_jinotega,0.00011410739184227747
Region_dongshan_dist_tainan_city__1,0.00012280984779247106
Coffee_Age,0.00013852431540040122
In_Country_Partner_Asociaci_n_de_Caf_s_Especiales_de_Nicaragua,0.00014958152099573408
Variety_Pacas,0.00016222372935754682
Certification_Body_Asociaci_n_de_Caf_s_Especiales_de_Nicaragua,0.0001796147577102225
Mill_beneficio_siembras_vision_154,0.00018396878960860174
Region_la_concordia,0.00019948456966902838
Country_of_Origin_Panama,0.0002276665651289145
Region_xalapa,0.0002384082040516766
Certification_Body_METAD_Agricultural_Development_plc,0.0002498758935808532
Certification_Body_NUCOFFEE,0.00025546956964421773
Grading_Date_September_17th_2012,0.0002592010069025097
Region_south_of_minas,0.0002646559457636366
Certification_Body_Yunnan_Coffee_Exchange,0.00029153998487034815
Region_santa_rosa,0.00030991400531414913
Region_central_valley,0.000315211351196476
In_Country_Partner_METAD_Agricultural_Development_plc,0.0003201014222625753
Region_san_marcos,0.0003378239104782077
Mill_taylor_winch_t_ltd,0.00034364904657622206
Mill_copag,0.0003522986940344808
Region_yirgacheffe,0.00036918214722860834
Mill_coffee_processing_and_warehouse_enterpri,0.0003906650529149847
Region_boquete,0.00040601854810928817
Region_monte_carmelo,0.000410981028671209
Region_chiayi_alishan,0.0004142845548138485
Variety_Yellow_Bourbon,0.000458425384673844
Grading_Date_May_23rd_2015,0.00046219725066096726
Mill_finca_custepec,0.0004777792423574567
Mill_dry_mill,0.0005058671516892099
Certification_Body_Salvadoran_Coffee_Council,0.0005415797520862409
Region_kilimanjaro,0.0005552280221982509
Mill_ipanema_comercial_e_exportadora_sa,0.0005561327467878075
In_Country_Partner_Salvadoran_Coffee_Council,0.0005674054861418032
Region_intibuca,0.0005807853064654367
Mill_rafiki_coffee_limited,0.0006044357026091074
In_Country_Partner_Almacaf,0.0006162578697591848
Grading_Date_September_11th_2012,0.0006203280898778197
Country_of_Origin_Myanmar,0.0006304732846419192
In_Country_Partner_Yunnan_Coffee_Exchange,0.0006515003836402355
Region_acatenango,0.0006774292637934832
Country_of_Origin_Guatemala,0.0006880079286742946
Region_moshi,0.0007153625324815227
Country_of_Origin_Thailand,0.0007162969861522317
Grading_Date_May_24th_2012,0.0007220091805053563
Mill_finca_la_fortuna,0.0007443543917860396
Grading_Date_July_17th_2015,0.0008301262838851242
Country_of_Origin_Ethiopia,0.0008661300318168142
Grading_Date_October_20th_2017,0.000894944671505149
Mill_cafes_finos_de_exportacion_s_de_r_l,0.0009008118679755261
Country_of_Origin_United_States,0.0009271631738339003
Grading_Date_March_21st_2015,0.0009389376621494305
Certification_Body_Coffee_Quality_Institute,0.0010215163554502694
Grading_Date_August_1st_2012,0.0010472853842875107
Grading_Date_December_12th_2014,0.0010573657703893292
Certification_Body_Almacaf,0.0010595307706588119
Region_kona,0.0010638764008767065
Mill_cafe_altura_de_san_ramon,0.0010660927862588653
Region_oaxaca,0.0010701363133960307
Grading_Date_November_4th_2014,0.0010786311178956343
Grading_Date_October_9th_2012,0.0011756575514209056
Processing_Method_Other,0.0011783095308327107
Region_motozintla_chiapas,0.0012298239744012117
Grading_Date_January_13th_2012,0.0012375913115749483
Color_Unknown,0.0013018514605813048
Mill_las_americas,0.0014498961053259318
Mill_trilladora_agricola,0.001456962905168413
Country_of_Origin_Taiwan,0.0014638893883935245
In_Country_Partner_Specialty_Coffee_Institute_of_Asia,0.0015252314540735723
Country_of_Origin_Malawi,0.0015273560314456925
Country_of_Origin_Philippines,0.0015390146757261914
In_Country_Partner_Coffee_Quality_Institute,0.0015538534486263522
Grading_Date_September_13th_2012,0.001646042387835056
Certification_Body_Specialty_Coffee_Institute_of_Asia,0.0016560368635655464
Grading_Date_November_7th_2014,0.0017079032685888063
Certification_Body_Brazil_Specialty_Coffee_Association,0.0017749036593967204
Grading_Date_August_16th_2016,0.00180833797616351
Grading_Date_March_13th_2015,0.001985709850849382
Variety_Other,0.002009285724203691
Grading_Date_May_1st_2014,0.002110705074209673
Processing_Method_Unknown,0.0022369879204841014
Region_veracruz,0.0022395545065162724
Grading_Date_October_8th_2015,0.0022435521956365003
Country_of_Origin_United_States_Hawaii,0.0022529099471484625
Variety_Bourbon,0.0023052315247218623
Grading_Date_September_14th_2012,0.0024986017780476155
Grading_Date_December_10th_2013,0.0026835900639748276
Grading_Date_November_16th_2015,0.0027393381167445606
Region_san_ramon,0.0028257973811048665
Grading_Date_March_10th_2014,0.002929838406217833
Mill_linda_vista,0.003048684580917627
In_Country_Partner_Brazil_Specialty_Coffee_Association,0.003212761251053453
Grading_Date_December_26th_2013,0.0033333386854395687
Grading_Date_June_9th_2016,0.0033629440896449704
Region_apaneca,0.0034865714015940297
Mill_trilladora_boananza,0.003518517859513448
Variety_Peaberry,0.0036085384463775405
Grading_Date_November_27th_2015,0.00369901723753554
Mill_mzuzu_coffee_coop_union,0.0039071204223774855
Grading_Date_March_3rd_2014,0.003911154501628511
Region_santander,0.0040273281760582645
Mill_coricafe_sa,0.004028609946564332
Grading_Date_February_22nd_2012,0.004134415764735255
Mill_beneficio_monta_as_del_diamante,0.0042786117646204545
Mill_several,0.004325395838486812
Grading_Date_April_4th_2015,0.004355952900027327
Variety_Gesha,0.004377595599996531
Grading_Date_October_16th_2014,0.004416406836576914
Grading_Date_February_24th_2011,0.004435249230331029
Mill_neiva,0.0044374686176853915
In_Country_Partner_Blossom_Valley_International,0.004507357880402019
Grading_Date_November_9th_2017,0.00451505890598416
Grading_Date_June_6th_2016,0.004523647715043167
Grading_Date_May_23rd_2016,0.004654929181524858
Variety_Catimor,0.004872226425189074
Certification_Body_Blossom_Valley_International,0.004974524046972939
Mill_kona_pacific_farmers_cooperative,0.005173598709080474
Processing_Method_Pulped_natural_honey,0.005255630521729659
Mill_beneficio_ixchel,0.005292844195127655
Mill_beneficio_humedo,0.005669966748318278
Mill_central_kenya_coffee_mills,0.00587695089974829
Grading_Date_August_12th_2016,0.005973139044935216
Grading_Date_December_22nd_2011,0.006040658539279442
Mill_ipanema_coffees,0.006081420084278632
Region_nyeri,0.006152170524830014
Region_mzuzu,0.006314286787405155
Country_of_Origin_Burundi,0.006426976781795668
Variety_Ruiru_11,0.006476229456999327
Country_of_Origin_Vietnam,0.006495242637686948
Certification_Body_Asociacion_Nacional_Del_Caf,0.006571525391964861
Mill_productores_de_cafes_especiales_sc,0.006881438165608311
Grading_Date_June_30th_2014,0.006978509689608869
Mill_green_beans,0.006986509168218702
Region_tarrazu,0.007101733274552524
Region_ywar_ngan,0.0071670645053306895
Region_bali,0.007262748582651612
Country_of_Origin_Peru,0.007307943934152461
In_Country_Partner_Asociacion_Nacional_Del_Caf,0.00744842941695203
Grading_Date_March_27th_2015,0.007500718130260808
Region_ngorogoro,0.007597194128256946
Mill_ecc_beneficio_veracruz,0.007679869777756676
Mill_cigrah,0.0077595518127425486
Grading_Date_October_27th_2017,0.007979389157567952
Region_oriente,0.008232475327233701
Grading_Date_February_13th_2017,0.008329840915305576
Region_mbeya,0.008411505811906795
Grading_Date_October_17th_2014,0.008434501487594837
Mill_non,0.008853266042375884
Grading_Date_March_11th_2016,0.00902681420909992
Region_huila,0.009191279918613283
Region_amatenango_de_la_frontera,0.009402299447623608
Mill_baishengcun_coffee,0.009412665513483964
Grading_Date_May_3rd_2013,0.009597570210987904
Mill_ngorogoro_convenant_estate,0.009603145745453623
Variety_SL28,0.009626996666830468
Grading_Date_August_31st_2012,0.00974572814866106
Region_taiwan,0.010046325080765084
Region_zaragoza_itundujia,0.010201666855576396
Region_tapachula,0.010290482687988711
Country_of_Origin_El_Salvador,0.010291657601013781
Grading_Date_August_3rd_2017,0.010310901725953791
Grading_Date_June_9th_2015,0.010501340175929786
Variety_Typica,0.010510711982485255
Grading_Date_May_31st_2010,0.010550008492149576
Region_el_progreso,0.010555735713006609
Mill_matsuzawa_coffee,0.010636575630473443
Grading_Date_January_17th_2014,0.010785679045663566
Mill_cocarive,0.01101628681783704
Mill_pt_perkebunan_nusantara_xii,0.011150338261427395
Region_nari_o,0.011247057343811461
Grading_Date_July_23rd_2012,0.011394495554662588
Grading_Date_April_5th_2016,0.011435699108533304
Country_of_Origin_Colombia,0.011669818237427142
Region_pitalito,0.011847184752373851
Grading_Date_August_30th_2012,0.011887106166898653
Certification_Body_Specialty_Coffee_Association_of_Indonesia,0.012248135156387074
Grading_Date_January_26th_2015,0.01241054863408535
Mill_internacional_armazens_gerais,0.012777633202021854
In_Country_Partner_Specialty_Coffee_Association_of_Indonesia,0.012845804427071995
Region_la_concordia_chiapas,0.012996753599394983
Grading_Date_December_20th_2013,0.013139208430726157
Grading_Date_October_28th_2011,0.01346185986721784
Grading_Date_August_5th_2016,0.01427204542507321
Grading_Date_April_11th_2012,0.014676469638260614
Mill_zaragoza_itundujia_oaxaca,0.015000305372247525
Mill_beneficio_san_carlos,0.015077636695333064
Country_of_Origin_Mexico,0.015699695709505135
Grading_Date_September_16th_2012,0.015943846014932105
Grading_Date_September_22nd_2011,0.016232850034789647
Mill_sagana,0.01640342099140437
Grading_Date_March_25th_2015,0.016570804504506032
Country_of_Origin_Nicaragua,0.016718750495066083
Grading_Date_March_31st_2015,0.016938554375102076
Grading_Date_March_16th_2016,0.017356001212474426
Grading_Date_January_8th_2015,0.017659749482146592
Grading_Date_December_8th_2017,0.017846962188580884
Grading_Date_July_19th_2013,0.018026272918490127
Color_Green,0.018160087880085295
Grading_Date_September_8th_2017,0.018203883030871993
Processing_Method_Washed_Wet,0.01832043946721007
Region_nuevo_oriente,0.018689356359858845
Grading_Date_June_14th_2011,0.01898059595132573
Mill_c_p_w_e,0.019004479183680513
Grading_Date_June_1st_2017,0.01932063080441946
Grading_Date_August_22nd_2017,0.020124035804565187
Mill_bonanza_armenia,0.020225356817051066
Mill_finca_los_barreales,0.0208480293824443
Grading_Date_November_19th_2015,0.021192059389131445
Grading_Date_February_4th_2014,0.021370180998180045
Grading_Date_July_26th_2012,0.02164884251271675
Mill_trilladora_asia,0.022420739985889938
Grading_Date_December_21st_2011,0.022481216716005337
Grading_Date_March_8th_2013,0.022720585237700153
Country_of_Origin_United_States_Puerto_Rico,0.022929819717378376
Grading_Date_September_20th_2011,0.023140251640743247
Grading_Date_June_3rd_2017,0.023409130568049365
Body,0.02372205782622947
Mill_hacienda_alto_grande,0.02383103964717237
Region_yauco_region,0.02412542078186104
Mill_tapachula_chiapas,0.025117592894018603
Grading_Date_June_13th_2012,0.025545876370495036
Grading_Date_July_17th_2012,0.026270694369848503
Region_carmo_de_minas,0.026290139945684455
Mill_beneficio_nueva_granada,0.028018964350279552
Grading_Date_April_20th_2015,0.02819947997132457
Grading_Date_February_17th_2012,0.02831472397202761
Region_Unknown,0.029005138167296062
Grading_Date_September_2nd_2010,0.02928695989503447
Region_kasese_mt_rwenzori,0.029542267012725686
Grading_Date_June_9th_2014,0.02977576726208626
Region_chapad_o_de_ferro_cerrado_mineiro,0.029847830315676217
Grading_Date_June_6th_2012,0.030518703667287105
Grading_Date_March_5th_2012,0.030777851394589616
Category_Two_Defects,0.031060828732014035
Region_san_lucas_toliman_solola,0.031108368312946787
Mill_apollo_co_ltd,0.03116990712784611
Grading_Date_July_18th_2016,0.031562987381037175
Region_don_duong,0.03211018278646407
Mill_ibero,0.03316866307115067
Mill_humedo_finca_santo_tomas_pachuj_y_seco_beneficio_palinsa,0.03318653157882225
Region_matagalpa,0.03504276350857052
Aroma,0.0360334319755361
Region_nantou,0.03767704413785407
Region_la_plata,0.0378371741656077
Acidity,0.03791807698114467
Aftertaste,0.03957749062060476
Balance,0.04098311468884179
Grading_Date_July_11th_2012,0.04129946311795409
Grading_Date_February_29th_2012,0.04259795747237689
Mill_shi_fang_yuan,0.042947200133461406
Grading_Date_May_24th_2010,0.046675275269838015
Grading_Date_January_24th_2013,0.0483389686236239
Flavor,0.051328118725366044
Overall,0.05679293065524558
