feature,mean_importance
Mill_kona_pacific_farmers_cooperative,-0.028502782854373288
Grading_Date_May_3rd_2013,-0.020223870498880282
Color_Green,-0.018852858250251448
Mill_yajalon_chiapas,-0.014648088050109554
Grading_Date_February_15th_2017,-0.014175529607138571
Region_yajalon,-0.013618752186815408
Grading_Date_February_24th_2011,-0.013307084670972635
Mill_el_injerto_s_a,-0.013014031175249819
Grading_Date_May_23rd_2015,-0.01215495224375196
Color_Unknown,-0.011843972871059627
Country_of_Origin_Honduras,-0.011228909843335844
Mill_beneficio_exportacafe_agua_santa,-0.010808738340954128
Variety_Typica,-0.009688702618154642
Variety_Sumatra,-0.009644884942765409
In_Country_Partner_Instituto_Hondure_o_del_Caf,-0.008667986968631958
Mill_Unknown,-0.008273608958270095
Country_of_Origin_Indonesia,-0.008182525423068876
Certification_Body_Instituto_Hondure_o_del_Caf,-0.007661590324596701
Region_yirgacheffe,-0.007574013632824972
Mill_baishengcun_coffee,-0.007381072067606254
Grading_Date_June_17th_2010,-0.007152052802310238
Grading_Date_August_23rd_2011,-0.0068683659123975225
Mill_dinamo_armazens_gerais_ltda,-0.006824818789804255
In_Country_Partner_Ethiopia_Commodity_Exchange,-0.006631513512258746
Certification_Body_Ethiopia_Commodity_Exchange,-0.006415689909599976
Variety_Catuai,-0.006352651322351388
Region_campos_altos_cerrado,-0.006032688086206139
Variety_Hawaiian_Kona,-0.00593444919384345
Country_of_Origin_China,-0.0058662748894088065
Country_of_Origin_Haiti,-0.005577047534359392
Color_Bluish_Green,-0.004100911160269338
Mill_cadexsa,-0.003886016307868445
Region_amatenango_de_la_frontera,-0.0037552250297474775
Grading_Date_April_30th_2012,-0.00359447403307811
In_Country_Partner_Yunnan_Coffee_Exchange,-0.003520466987439641
Country_of_Origin_Thailand,-0.0034979659286905164
Processing_Method_Washed_Wet,-0.0034705478706277713
Region_kiambu,-0.003309351920963488
Region_marcala,-0.0031332260401663037
Grading_Date_May_15th_2014,-0.002892787897229554
Region_yunnan,-0.0027603908679558085
Grading_Date_April_5th_2016,-0.0026805779979790943
Region_west_valley,-0.0022952708298860534
Country_of_Origin_Costa_Rica,-0.0020067390310986033
Grading_Date_September_17th_2012,-0.0018476168252666402
Region_taichung_xinshe,-0.0017578909013393317
Variety_SL34,-0.001750238263874615
Variety_SL14,-0.0017347601853622719
Certification_Body_Yunnan_Coffee_Exchange,-0.0017282665521769713
Region_la_concordia_chiapas,-0.0016924003033657487
Country_of_Origin_Ethiopia,-0.0016753371081107415
Variety_Peaberry,-0.0016190679101278026
Mill_amsa_tuxtla,-0.0015987310945656309
Mill_union_ramal_santa_cruz,-0.0015439062936095649
Mill_cigrah_s_a_de_c_v,-0.0013635630946604803
Region_comayagua,-0.0012784976530173964
In_Country_Partner_Brazil_Specialty_Coffee_Association,-0.001259379198262489
Region_zaragoza_itundujia,-0.0012592035712732264
Region_huehuetenango,-0.0011277933809068941
Certification_Body_Uganda_Coffee_Development_Authority,-0.0009409143325716851
Country_of_Origin_Mexico,-0.0007963779345199872
Certification_Body_Kenya_Coffee_Traders_Association,-0.0006882861538934692
Certification_Body_Brazil_Specialty_Coffee_Association,-0.0006527047122968143
In_Country_Partner_Kenya_Coffee_Traders_Association,-0.00047509525587383636
Number_of_Bags,-0.0003451452604526617
Grading_Date_October_8th_2015,-0.00030564932382983747
Mill_nkg_ck_hc_ss_kccm,-0.00022820071779536822
Region_chiapas,-0.00021527298747945345
Region_san_marcos,-0.00019013368610727445
Grading_Date_September_13th_2012,-4.3689481858533165e-05
In_Country_Partner_Uganda_Coffee_Development_Authority,-3.167641543102562e-05
Bag_Weight,-2.9556884103176807e-05
Region_apaneca,-8.303587322489037e-06
Region_san_isidro,-1.1102230246251565e-16
Grading_Date_January_21st_2013,-1.1102230246251565e-16
Region_atoyac_de_alvarez,-1.1102230246251565e-16
Region_matas_de_minas,-1.1102230246251565e-16
Grading_Date_January_9th_2013,-8.881784197001253e-17
Mill_yunnan_louis_herbs_r_d_center,-2.2204460492503132e-17
Region_bener_meriah,-2.2204460492503132e-17
Region_chil_n,-2.2204460492503132e-17
Grading_Date_April_28th_2017,0.0
Grading_Date_August_25th_2017,0.0
Grading_Date_August_26th_2010,0.0
Grading_Date_April_27th_2016,0.0
Grading_Date_April_27th_2012,0.0
Grading_Date_August_27th_2013,0.0
Grading_Date_August_27th_2015,0.0
Grading_Date_August_29th_2012,0.0
Grading_Date_April_26th_2016,0.0
Region_mountain_ali_taiwan,0.0
Grading_Date_August_2nd_2012,0.0
Grading_Date_August_25th_2014,0.0
Grading_Date_August_2nd_2013,0.0
Grading_Date_August_2nd_2016,0.0
Grading_Date_August_30th_2013,0.0
Region_monte_carmelo,0.0
Grading_Date_August_31st_2010,0.0
Grading_Date_August_31st_2012,0.0
Grading_Date_August_31st_2016,0.0
Grading_Date_April_25th_2014,0.0
Grading_Date_April_25th_2016,0.0
Grading_Date_August_23rd_2017,0.0
Grading_Date_August_20th_2012,0.0
Grading_Date_April_29th_2013,0.0
Grading_Date_April_5th_2012,0.0
Grading_Date_April_7th_2014,0.0
Grading_Date_April_4th_2016,0.0
Grading_Date_April_3rd_2014,0.0
Grading_Date_April_7th_2016,0.0
Grading_Date_April_8th_2015,0.0
Grading_Date_April_8th_2016,0.0
Grading_Date_April_30th_2015,0.0
Grading_Date_August_3rd_2015,0.0
Grading_Date_August_23rd_2012,0.0
Grading_Date_April_9th_2010,0.0
Grading_Date_August_11th_2014,0.0
Grading_Date_April_30th_2014,0.0
Grading_Date_August_12th_2016,0.0
Region_motozintla,0.0
Grading_Date_August_14th_2014,0.0
Grading_Date_August_15th_2014,0.0
Grading_Date_August_17th_2012,0.0
Grading_Date_August_19th_2016,0.0
Grading_Date_April_6th_2011,0.0
Grading_Date_April_9th_2012,0.0
Grading_Date_August_3rd_2017,0.0
Grading_Date_December_11th_2012,0.0
Grading_Date_August_8th_2014,0.0
Grading_Date_February_1st_2011,0.0
Grading_Date_February_1st_2012,0.0
Grading_Date_February_20th_2015,0.0
Grading_Date_February_22nd_2011,0.0
Grading_Date_February_22nd_2012,0.0
Grading_Date_February_23rd_2016,0.0
Grading_Date_February_25th_2014,0.0
Grading_Date_February_27th_2013,0.0
Grading_Date_February_27th_2015,0.0
Grading_Date_February_3rd_2015,0.0
Grading_Date_February_3rd_2016,0.0
Grading_Date_February_4th_2014,0.0
Grading_Date_February_5th_2014,0.0
Grading_Date_February_6th_2014,0.0
Grading_Date_February_18th_2014,0.0
Grading_Date_February_6th_2017,0.0
Grading_Date_February_8th_2012,0.0
Grading_Date_February_9th_2011,0.0
Grading_Date_February_9th_2012,0.0
Grading_Date_January_12th_2016,0.0
Grading_Date_January_13th_2015,0.0
Grading_Date_January_14th_2014,0.0
Grading_Date_January_15th_2015,0.0
Grading_Date_January_16th_2017,0.0
Grading_Date_January_17th_2014,0.0
Grading_Date_January_18th_2012,0.0
Grading_Date_January_19th_2017,0.0
Grading_Date_January_19th_2018,0.0
Grading_Date_January_20th_2014,0.0
Grading_Date_January_20th_2015,0.0
Grading_Date_February_7th_2014,0.0
Grading_Date_August_7th_2013,0.0
Grading_Date_February_17th_2017,0.0
Grading_Date_February_17th_2012,0.0
Grading_Date_August_8th_2017,0.0
Grading_Date_August_9th_2016,0.0
Grading_Date_December_10th_2013,0.0
Grading_Date_April_24th_2015,0.0
Grading_Date_December_12th_2013,0.0
Grading_Date_December_16th_2014,0.0
Grading_Date_December_17th_2014,0.0
Grading_Date_December_1st_2011,0.0
Grading_Date_December_20th_2013,0.0
Grading_Date_December_21st_2011,0.0
Grading_Date_December_21st_2015,0.0
Grading_Date_December_22nd_2011,0.0
Grading_Date_December_23rd_2011,0.0
Grading_Date_December_26th_2013__1,0.0
Grading_Date_February_17th_2016,0.0
Grading_Date_December_27th_2010,0.0
Grading_Date_December_28th_2016,0.0
Grading_Date_December_30th_2013,0.0
Grading_Date_December_3rd_2015,0.0
Grading_Date_December_6th_2013,0.0
Grading_Date_December_8th_2017,0.0
Region_mogiana,0.0
Grading_Date_February_11th_2016,0.0
Grading_Date_February_13th_2012,0.0
Grading_Date_February_13th_2013,0.0
Grading_Date_February_13th_2015,0.0
Grading_Date_February_13th_2017,0.0
Grading_Date_February_14th_2014,0.0
Grading_Date_February_16th_2012,0.0
Grading_Date_February_16th_2016,0.0
Grading_Date_December_27th_2013,0.0
Grading_Date_April_23rd_2015,0.0
Region_ocotepeque,0.0
Grading_Date_April_19th_2017,0.0
Region_shizingo_village,0.0
Region_nueva_segovia,0.0
Region_sierra_fraylesca_chiapas,0.0
Region_sierra_madre_occidental,0.0
Region_sierra_norte_yajalon_chiapas,0.0
Region_sierra_chiapas,0.0
Region_siguatepeque_comayagua,0.0
Region_sipi_mt_elgon,0.0
Region_snnp_kaffa_zone_gimbowereda,0.0
Region_snnprg_kafa_telo_woreda_shada_kebele,0.0
Region_solola,0.0
Region_sul_de_minas,0.0
Region_sul_de_minas_carmo_de_minas,0.0
Region_sumatra_brastagi,0.0
Region_taichung_taiping,0.0
Region_nkure_meru,0.0
Region_taiwan,0.0
Region_taiwu_township_pingtung_county,0.0
Region_talpa_de_allende,0.0
Region_tapachula,0.0
Region_temaxcalapa,0.0
Region_tenango_de_doria_hidalgo,0.0
Region_tepetzingo,0.0
Region_tepictla,0.0
Region_tlacuilotepec,0.0
Region_tlanchinol_hidalgo,0.0
Region_tlatlauquitepec,0.0
Region_sapan_toraja,0.0
Region_totutla,0.0
Region_santo_reyes_nopala,0.0
Region_santa_maria_sitepec,0.0
Region_ocosingo,0.0
Region_ohuapan_tlaltetela,0.0
Region_orient,0.0
Region_occidente,0.0
Region_oromiya,0.0
Region_paksong_laos,0.0
Region_penachi_cecanor,0.0
Region_pereira,0.0
Region_peru,0.0
Region_petatlan,0.0
Region_phahi,0.0
Region_pluma_hidalogo_oaxaca,0.0
Region_province_of_manabi_ecuador,0.0
Region_puno,0.0
Region_oaxaca,0.0
Region_pyin_oo_lwin,0.0
Region_pyinoolwin,0.0
Region_quetzaltenango,0.0
Region_sac_n_palma_municipio_de_chil_n_chiapas,0.0
Region_san_fernando,0.0
Region_san_ignacio,0.0
Region_nuevo_oriente,0.0
Region_san_lucas_toliman_solola,0.0
Region_san_miguel_del_puerto,0.0
Region_san_pedro_cotzilnam,0.0
Region_san_rafael,0.0
Region_santa_catarina_juquila,0.0
Region_santa_rosa,0.0
Grading_Date_April_20th_2015,0.0
Region_tres_rios,0.0
Region_tuxtla_gutierrez,0.0
Region__5,0.0
Region_guoshing_township,0.0
Region__6,0.0
Grading_Date_January_20th_2017,0.0
Region__7,0.0
In_Country_Partner_Asociaci_n_Mexicana_De_Caf_s_y_Cafeter_as_De_Especialidad_A_C,0.0
In_Country_Partner_Asociaci_n_de_Caf_s_Especiales_de_Nicaragua,0.0
In_Country_Partner_Blossom_Valley_International__1,0.0
In_Country_Partner_Central_De_Organizaciones_Productoras_De_Caf_y_Cacao_Del_Per_Central_Caf_Cacao,0.0
In_Country_Partner_Coffee_Quality_Institute,0.0
Region_mubuyu_estate,0.0
Region_mt_rwenzori,0.0
In_Country_Partner_Specialty_Coffee_Association_of_Indonesia,0.0
In_Country_Partner_Torch_Coffee_Lab_Yunnan,0.0
Region_mt_elgon,0.0
Grading_Date_April_10th_2015,0.0
Grading_Date_April_11th_2012,0.0
Grading_Date_April_11th_2014,0.0
Grading_Date_April_12th_2012,0.0
Grading_Date_April_13th_2010,0.0
Grading_Date_April_14th_2014,0.0
Grading_Date_April_15th_2015,0.0
Grading_Date_April_15th_2016,0.0
Grading_Date_April_16th_2013,0.0
Region_mountains_of_minas_gerais,0.0
Grading_Date_April_17th_2014,0.0
Grading_Date_April_19th_2013,0.0
Region__4,0.0
Region_turrialba,0.0
Region__3,0.0
Region__2,0.0
Region_nayarit,0.0
Region_vietnam,0.0
Region_villa_talea_de_castro,0.0
Region_west_and_central_valley,0.0
Region_west_nile,0.0
Region_nari_o,0.0
Region_western_region,0.0
Region_xicotepec_de_juarez,0.0
Region_naranjo,0.0
Region_xishuangbanna_prefecture,0.0
Region_xochitonalco_huautla,0.0
Region_nanxi_dist_tainan_city,0.0
Region_yauco_region,0.0
Region_yauk_sauk_shan_state,0.0
Region_yecuatla,0.0
Region_muranga,0.0
Region_yunlin_gukeng_he_bao,0.0
Region_yunlin,0.0
Region_ywar_ngan,0.0
Region_ywar_ngan_township,0.0
Region_zapotitlan_de_mendez,0.0
Region_mumirwa,0.0
Region_zentla,0.0
Region_zihuatanejo_de_azueta,0.0
Region,0.0
Region_60,0.0
Region__1,0.0
Region_dongshan_dist_tainan_city__3,0.0
Grading_Date_April_12th_2014,0.0
Grading_Date_January_31st_2012,0.0
Grading_Date_January_21st_2016,0.0
Grading_Date_May_2nd_2013,0.0
Grading_Date_May_2nd_2016,0.0
Grading_Date_May_30th_2013,0.0
Grading_Date_May_30th_2014,0.0
Grading_Date_May_31st_2012,0.0
Grading_Date_May_31st_2013,0.0
Grading_Date_May_4th_2011,0.0
Grading_Date_May_5th_2014,0.0
Grading_Date_May_5th_2015,0.0
Grading_Date_May_6th_2015,0.0
Grading_Date_May_7th_2013,0.0
Grading_Date_May_7th_2015,0.0
Grading_Date_May_7th_2016,0.0
Grading_Date_May_8th_2014,0.0
Grading_Date_May_29th_2013,0.0
Grading_Date_May_9th_2013,0.0
Grading_Date_May_9th_2017,0.0
Grading_Date_November_11th_2010,0.0
Grading_Date_November_16th_2011,0.0
Grading_Date_November_16th_2015,0.0
Grading_Date_November_17th_2015,0.0
Grading_Date_November_19th_2015,0.0
Grading_Date_November_20th_2015,0.0
Grading_Date_November_22nd_2013,0.0
Grading_Date_November_26th_2012,0.0
Grading_Date_November_27th_2015,0.0
Grading_Date_November_29th_2010,0.0
Grading_Date_November_2nd_2016,0.0
Grading_Date_November_3rd_2015,0.0
Grading_Date_November_3rd_2017,0.0
Grading_Date_May_9th_2014,0.0
Grading_Date_May_28th_2015,0.0
Grading_Date_May_28th_2014,0.0
Grading_Date_May_27th_2014,0.0
Grading_Date_March_5th_2012,0.0
Grading_Date_March_5th_2014,0.0
Grading_Date_March_7th_2014,0.0
Grading_Date_March_8th_2011,0.0
Grading_Date_March_8th_2017,0.0
Grading_Date_March_9th_2011,0.0
Grading_Date_May_10th_2013,0.0
Grading_Date_May_10th_2017,0.0
Grading_Date_May_12th_2011,0.0
Grading_Date_May_12th_2014,0.0
Grading_Date_May_13th_2014,0.0
Grading_Date_May_16th_2014,0.0
Grading_Date_May_16th_2016,0.0
Grading_Date_May_18th_2010,0.0
Grading_Date_May_18th_2017,0.0
Grading_Date_May_19th_2015,0.0
Grading_Date_May_19th_2016,0.0
Grading_Date_May_26th_2015,0.0
Grading_Date_May_26th_2014,0.0
Grading_Date_May_26th_2010,0.0
Grading_Date_May_25th_2015,0.0
Grading_Date_May_24th_2013,0.0
Grading_Date_May_24th_2012,0.0
Grading_Date_November_5th_2014,0.0
Grading_Date_May_24th_2010,0.0
Grading_Date_May_22nd_2017,0.0
Grading_Date_May_22nd_2015,0.0
Grading_Date_May_22nd_2014,0.0
Grading_Date_May_21st_2013,0.0
Grading_Date_May_20th_2013,0.0
Grading_Date_May_1st_2014,0.0
Grading_Date_May_23rd_2012,0.0
Grading_Date_March_4th_2015,0.0
Grading_Date_November_7th_2013,0.0
Grading_Date_November_8th_2016,0.0
Grading_Date_September_28th_2017,0.0
Grading_Date_September_29th_2015,0.0
Grading_Date_September_2nd_2010,0.0
Grading_Date_September_3rd_2010,0.0
Grading_Date_September_4th_2014,0.0
Grading_Date_September_4th_2017,0.0
Grading_Date_September_5th_2013,0.0
Grading_Date_September_7th_2010,0.0
Grading_Date_September_7th_2011,0.0
Grading_Date_September_7th_2015,0.0
Grading_Date_September_8th_2017,0.0
Grading_Date_September_9th_2016,0.0
Variety_Blue_Mountain,0.0
Variety_Ethiopian_Heirlooms,0.0
Grading_Date_September_27th_2017,0.0
Variety_Ethiopian_Yirgacheffe,0.0
Variety_Marigojipe,0.0
Variety_Moka_Peaberry,0.0
Variety_Pache_Comun,0.0
Variety_Ruiru_11,0.0
Variety_Sulawesi,0.0
Variety_Sumatra_Lintong,0.0
Processing_Method_Pulped_natural_honey,0.0
Certification_Body_Asociaci_n_Mexicana_De_Caf_s_y_Cafeter_as_De_Especialidad_A_C,0.0
Certification_Body_Asociaci_n_de_Caf_s_Especiales_de_Nicaragua,0.0
Certification_Body_Blossom_Valley_International__1,0.0
Certification_Body_Central_De_Organizaciones_Productoras_De_Caf_y_Cacao_Del_Per_Central_Caf_Cacao,0.0
Certification_Body_Coffee_Quality_Institute,0.0
Certification_Body_Specialty_Coffee_Association_of_Indonesia,0.0
Certification_Body_Torch_Coffee_Lab_Yunnan,0.0
Variety_Mandheling,0.0
Grading_Date_September_23rd_2013,0.0
Grading_Date_September_21st_2016,0.0
Grading_Date_September_20th_2016,0.0
Grading_Date_October_15th_2014,0.0
Grading_Date_October_16th_2014,0.0
Grading_Date_October_17th_2014,0.0
Grading_Date_October_17th_2017,0.0
Grading_Date_October_18th_2016,0.0
Grading_Date_October_19th_2012,0.0
Grading_Date_October_1st_2013,0.0
Grading_Date_October_1st_2014,0.0
Grading_Date_October_23rd_2012,0.0
Grading_Date_October_23rd_2014,0.0
Grading_Date_October_25th_2012,0.0
Grading_Date_October_26th_2015,0.0
Grading_Date_October_26th_2016,0.0
Grading_Date_October_27th_2017,0.0
Grading_Date_October_28th_2011,0.0
Grading_Date_October_28th_2014,0.0
Grading_Date_October_29th_2013,0.0
Grading_Date_September_1st_2017,0.0
Grading_Date_September_19th_2017,0.0
Grading_Date_September_17th_2015,0.0
Grading_Date_September_16th_2012,0.0
Grading_Date_September_15th_2015,0.0
Grading_Date_September_12th_2014,0.0
Grading_Date_November_7th_2015,0.0
Grading_Date_September_12th_2012,0.0
Grading_Date_October_7th_2014,0.0
Grading_Date_October_7th_2013,0.0
Grading_Date_October_5th_2012,0.0
Grading_Date_October_4th_2016,0.0
Grading_Date_October_4th_2013,0.0
Grading_Date_October_4th_2011,0.0
Grading_Date_October_9th_2017,0.0
Grading_Date_March_4th_2013,0.0
Grading_Date_March_3rd_2014,0.0
Grading_Date_March_31st_2015,0.0
Grading_Date_July_19th_2011,0.0
Grading_Date_July_19th_2013,0.0
Grading_Date_July_20th_2012,0.0
Grading_Date_July_20th_2015,0.0
Grading_Date_July_21st_2014,0.0
Grading_Date_July_21st_2015,0.0
Grading_Date_July_21st_2016,0.0
Grading_Date_July_22nd_2014,0.0
Grading_Date_July_22nd_2016,0.0
Grading_Date_July_23rd_2010,0.0
Grading_Date_July_23rd_2012,0.0
Grading_Date_July_23rd_2015,0.0
Grading_Date_July_24th_2017,0.0
Grading_Date_July_25th_2012,0.0
Grading_Date_July_18th_2016,0.0
Grading_Date_July_26th_2013,0.0
Grading_Date_July_27th_2017,0.0
Grading_Date_July_28th_2014,0.0
Grading_Date_July_29th_2011,0.0
Grading_Date_July_29th_2014,0.0
Grading_Date_July_31st_2015,0.0
Grading_Date_July_3rd_2015,0.0
Grading_Date_July_5th_2013,0.0
Grading_Date_July_5th_2016,0.0
Grading_Date_July_7th_2017,0.0
Grading_Date_July_8th_2015,0.0
Grading_Date_July_9th_2012,0.0
Grading_Date_June_10th_2014,0.0
Grading_Date_June_10th_2015,0.0
Grading_Date_June_11th_2015,0.0
Grading_Date_July_27th_2012,0.0
Grading_Date_July_17th_2015,0.0
Grading_Date_July_17th_2013,0.0
Grading_Date_July_17th_2012,0.0
Grading_Date_January_22nd_2013,0.0
Grading_Date_January_22nd_2014,0.0
Grading_Date_January_22nd_2015,0.0
Grading_Date_January_22nd_2016,0.0
Grading_Date_January_23rd_2014,0.0
Grading_Date_January_24th_2013,0.0
Grading_Date_January_24th_2014,0.0
Grading_Date_January_25th_2011,0.0
Grading_Date_January_25th_2012,0.0
Grading_Date_January_25th_2016,0.0
Grading_Date_January_27th_2014,0.0
Grading_Date_January_28th_2011,0.0
Grading_Date_January_28th_2014,0.0
Grading_Date_January_29th_2013,0.0
Grading_Date_January_29th_2015,0.0
Grading_Date_January_2nd_2014,0.0
Grading_Date_January_2nd_2015,0.0
Grading_Date_July_16th_2012,0.0
Grading_Date_July_14th_2015,0.0
Grading_Date_July_10th_2013,0.0
Grading_Date_January_9th_2012,0.0
Grading_Date_January_8th_2014,0.0
Grading_Date_January_8th_2013,0.0
Grading_Date_June_13th_2012,0.0
Grading_Date_January_6th_2012,0.0
Grading_Date_January_4th_2011,0.0
Grading_Date_January_3rd_2014,0.0
Grading_Date_January_3rd_2012,0.0
Grading_Date_January_31st_2014,0.0
Region_mmm,0.0
Grading_Date_January_30th_2017,0.0
Grading_Date_January_5th_2012,0.0
Grading_Date_June_13th_2017,0.0
Grading_Date_June_14th_2011,0.0
Grading_Date_June_15th_2016,0.0
Grading_Date_March_10th_2014,0.0
Grading_Date_March_10th_2015,0.0
Grading_Date_March_11th_2013,0.0
Grading_Date_March_11th_2015,0.0
Grading_Date_March_11th_2016,0.0
Grading_Date_March_12th_2013,0.0
Grading_Date_March_12th_2015,0.0
Grading_Date_March_13th_2014,0.0
Grading_Date_March_14th_2016,0.0
Grading_Date_March_15th_2013,0.0
Grading_Date_March_15th_2016,0.0
Grading_Date_March_16th_2012,0.0
Grading_Date_March_16th_2016,0.0
Grading_Date_March_17th_2016,0.0
Grading_Date_March_18th_2013,0.0
Grading_Date_March_18th_2014,0.0
Grading_Date_March_19th_2012,0.0
Grading_Date_March_31st_2014,0.0
Grading_Date_March_30th_2015,0.0
Grading_Date_March_2nd_2013,0.0
Grading_Date_March_29th_2016,0.0
Grading_Date_March_28th_2015,0.0
Grading_Date_March_27th_2015,0.0
Grading_Date_June_9th_2016,0.0
Grading_Date_March_27th_2014,0.0
Grading_Date_March_25th_2016,0.0
Grading_Date_March_23rd_2017,0.0
Grading_Date_March_23rd_2011,0.0
Grading_Date_March_21st_2014,0.0
Grading_Date_March_21st_2013,0.0
Grading_Date_March_1st_2011,0.0
Grading_Date_March_26th_2012,0.0
Grading_Date_January_21st_2014,0.0
Grading_Date_June_9th_2014,0.0
Grading_Date_June_7th_2012,0.0
Grading_Date_June_16th_2010,0.0
Grading_Date_June_16th_2014,0.0
Grading_Date_June_16th_2017,0.0
Grading_Date_June_18th_2015,0.0
Grading_Date_June_20th_2014,0.0
Grading_Date_June_21st_2011,0.0
Grading_Date_June_21st_2012,0.0
Grading_Date_June_21st_2013,0.0
Grading_Date_June_21st_2017,0.0
Grading_Date_June_23rd_2016,0.0
Grading_Date_June_23rd_2017,0.0
Grading_Date_June_24th_2014,0.0
Grading_Date_June_25th_2014,0.0
Grading_Date_June_25th_2015,0.0
Grading_Date_June_26th_2012,0.0
Grading_Date_June_26th_2017,0.0
Grading_Date_June_27th_2013,0.0
Grading_Date_June_6th_2017,0.0
Grading_Date_June_6th_2013,0.0
Grading_Date_June_5th_2015,0.0
Grading_Date_June_5th_2013,0.0
Grading_Date_June_5th_2012,0.0
Grading_Date_June_4th_2012,0.0
Grading_Date_June_8th_2012,0.0
Grading_Date_June_3rd_2017,0.0
Grading_Date_June_30th_2017,0.0
Grading_Date_June_30th_2015,0.0
Grading_Date_June_2nd_2016,0.0
Grading_Date_June_2nd_2015,0.0
Grading_Date_June_28th_2016,0.0
Grading_Date_June_27th_2016,0.0
Grading_Date_June_3rd_2013,0.0
Region_mkuu_rombo,0.0
Region_santa_ana,0.0
Region_mexico,0.0
Mill_hulling_facility,0.0
Mill_humedo_finca_santo_tomas_pachuj_y_seco_beneficio_palinsa,0.0
Mill_hustusco,0.0
Mill_hvc,0.0
Mill_ibero,0.0
Mill_iliatenco_guerrero,0.0
Mill_internacional_armazens_gerais,0.0
Mill_j_hill_y_cia,0.0
Mill_j_j_borja_nathan,0.0
Mill_jacob_s_estate,0.0
Mill_jia_jia_coffee,0.0
Mill_jing_jing_caf,0.0
Mill_juanana_coffee_association,0.0
Mill_ka_vulungan_coffee_estate,0.0
Mill_huatusco,0.0
Mill_kabum_trading_company,0.0
Mill_kan_tou_mountain_coffee,0.0
Mill_karatu_estate,0.0
Mill_kawacom,0.0
Mill_kerchanshe,0.0
Mill_kiriyama_washing_station,0.0
Mill_kongoni_estate,0.0
Mill_kucofa_farmers_group,0.0
Mill_kyagalanyi_coffee_ltd,0.0
Mill_la_concordia_chiapas,0.0
Mill_la_conquista,0.0
Mill_la_distancia,0.0
Mill_la_esperanza_municipio_juchique_de_ferrer_veracruz,0.0
Mill_la_eva,0.0
Mill_la_herradura,0.0
Mill_kalugmanan_agri_development_corp,0.0
Mill_hani,0.0
Mill_hand_peeled,0.0
Mill_hacienda_la_esmeralda,0.0
Mill_en_el_plan_de_guadalupe,0.0
Mill_en_el_progreso,0.0
Mill_en_santa_maria_temaxcalapa,0.0
Mill_ephemera_traders,0.0
Mill_exclusive_coffees_s_a,0.0
Mill_exportadora_atlantic_sa_pp_condega,0.0
Mill_exportadora_caf_california,0.0
Mill_f_i_e_c_h,0.0
Mill_falcafe_s_a_de_c_v,0.0
Mill_faysal_abamecha_processing_plant_at_yebu_town,0.0
Mill_finca_estate,0.0
Mill_finca_hamburgo,0.0
Mill_finca_jamaica_san_gabriel_mixtepec_juquila_oaxaca,0.0
Mill_finca_la_ordu_a_coatepec_ver,0.0
Mill_finca_las_nieves,0.0
Mill_finca_los_barreales,0.0
Mill_finca_mata_larga,0.0
Mill_hacienda_alto_grande,0.0
Mill_guoxing_farm_coffee,0.0
Mill_guo_xin_ka_fei,0.0
Mill_guo_cun_nong_yuan,0.0
Mill_gumutindo,0.0
Mill_gudmale,0.0
Mill_la_laja_pinillos_veracruz,0.0
Mill_great_lakes_coffee,0.0
Mill_garca_armazens,0.0
Mill_gao_chun_fang,0.0
Mill_florencia,0.0
Mill_finca_santa_clara_localidad_de_zona_del_bul_san_pedro_pochutla_oaxaca,0.0
Mill_finca_quequesquez,0.0
Mill_finca_montegrande_jaltenango,0.0
Mill_genius_coffee_estate,0.0
Mill_la_majada_cooperative,0.0
Mill_la_tejeria,0.0
Mill_linda_vista,0.0
Mill_pasto,0.0
Mill_pe_a_campana,0.0
Mill_planta_procesadora_sebaco,0.0
Mill_popay_n,0.0
Mill_premium_grade_a,0.0
Mill_procesadora_del_sur_sa,0.0
Mill_productores_de_cafes_especiales_sc,0.0
Mill_productos_organicos_de_canoas_spr_de_rl,0.0
Mill_pt_menacom,0.0
Mill_pt_perkebunan_nusantara_xii,0.0
Mill_puer_jiangcheng_fuwang_coffee_biotechnology_co_ltd,0.0
Mill_pu_er_specialty_coffee_cupping_center,0.0
Mill_rancho_los_laureles,0.0
Mill_rancho_vigia,0.0
Mill_rio_hamaca,0.0
Mill_rio_jorco,0.0
Mill_sac_n_palma,0.0
Mill_sasini_kofinaf_mills,0.0
Mill_sasini,0.0
Mill_sarimakmur,0.0
Mill_sapan_toraja,0.0
Mill_santa_maria_temaxcalapa,0.0
Mill_santa_maria_siltepec,0.0
Mill_palo_blanco_tlacuilotepec_puebla,0.0
Mill_san_pedro_cotzilnam_municipio_de_aldama_chiapas,0.0
Mill_san_jos_y_el_portillo,0.0
Mill_san_jos_neiva,0.0
Mill_san_fernando_chiapas,0.0
Mill_san_diego_buena_vista,0.0
Mill_san_carlos,0.0
Mill_sagana,0.0
Mill_san_miguel,0.0
Mill_en_coyula,0.0
Mill_palinsa_beneficiado_seco_santo_tomas_pachuj_beneficiado_humedo,0.0
Mill_organizacion_union_de_ejidos_adolfo_lopez_mateos,0.0
Mill_llano_hermoso_xochitonalco_huautla_oaxaca,0.0
Mill_local_made,0.0
Mill_los_angeles_micro_mill,0.0
Mill_los_barreales_teocelo_veracruz,0.0
Mill_los_pinoslos_pinos,0.0
Mill_m10,0.0
Mill_matsuzawa_coffee,0.0
Mill_mazatepec_tlatlauquitepec_puebla,0.0
Region_minas_gerais_br,0.0
Mill_mecatl_n_veracruz,0.0
Mill_menglian_ban_an_coffee_processing_factory,0.0
Mill_menglian_county_nayun_town_mangzhang_coffee_farm,0.0
Mill_menglian_mang_pan_professional_cooperative,0.0
Mill_metad_plc,0.0
Mill_micro_beneficio_la_caba_a_javier_meza,0.0
Mill_mmm,0.0
Mill_mojiang_jinggong_estate_speciality_development_co_ltd_mill,0.0
Mill_only_dry_mill,0.0
Mill_olam_honduras,0.0
Mill_nyapea,0.0
Mill_none,0.0
Mill_non,0.0
Mill_nkg_coffee_mills,0.0
Mill_pacho_viejo,0.0
Mill_nitin_coffee_estate,0.0
Mill_ngila_estate_ltd,0.0
Mill_municipio_monte_cristo_de_guerrero_chiapasmunicipio_monte_cristo_de_guerrero,0.0
Mill_mu_he_zi_coffee,0.0
Mill_moplaco,0.0
Mill_monte_blanco,0.0
Mill_mondul_coffee_estate,0.0
Mill_nile_highland_arabica_coffee_farmers,0.0
Mill_en_cortado_beneficiado_y_secado_por_el_productor,0.0
Mill_en_chiatipan_municipio_de_huazalingo,0.0
Mill_en_ahuatitlan,0.0
Mill_beneficio_atlantic_planta_procedora_condega,0.0
Mill_beneficio_atlantic_sebaco,0.0
Mill_beneficio_cafetaleros_del_arrayanal,0.0
Mill_beneficio_casa_ruiz_s_a,0.0
Mill_beneficio_de_cafetaleros_el_remudadero_s_p_r_de_r_l,0.0
Mill_beneficio_de_caf_tecoxolco_s_de_r_l_de_c_v,0.0
Mill_beneficio_dos_puentes,0.0
Mill_beneficio_el_grande,0.0
Mill_beneficio_el_morito,0.0
Mill_beneficio_humedo,0.0
Mill_beneficio_la_igualdad,0.0
Mill_beneficio_las_brisas,0.0
Mill_beneficio_las_tres_puertas,0.0
Mill_beneficio_palinsa,0.0
Mill_beneficio_san_carlos,0.0
Mill_beneficio_san_diego,0.0
Mill_beneficio_san_fernando,0.0
Mill_burka_coffee_estates,0.0
Mill_bulamburi_coffee_farmers,0.0
Mill_bukonzo_joint_cfs,0.0
Mill_buenas_vista_municipio_de_san_bartolo_tutotepec,0.0
Mill_bucaramanga,0.0
Mill_bonanza_armenia,0.0
Mill_beneficio_atlantic_condega,0.0
Mill_bogota_bachue,0.0
Mill_bener_meriah_gayo,0.0
Mill_beneficio_valparaiso,0.0
Mill_beneficio_soppexcca,0.0
Mill_beneficio_serben,0.0
Mill_beneficio_seco_de_cafe_de_la_soc_coop_tzotzilotic_tzobolotic_scl,0.0
Mill_beneficio_santa_rosa_s_a,0.0
Mill_bi_yun_si_shi_yi,0.0
Mill_burka_gudina,0.0
Mill_bcu,0.0
Mill_baijiada_coffee_farm,0.0
Country_of_Origin_Burundi,0.0
Country_of_Origin_Cote_d_Ivoire,0.0
Country_of_Origin_Ecuador,0.0
Country_of_Origin_India,0.0
Country_of_Origin_Japan,0.0
Country_of_Origin_Laos,0.0
Country_of_Origin_Mauritius,0.0
Country_of_Origin_Panama,0.0
Country_of_Origin_Papua_New_Guinea,0.0
Country_of_Origin_Peru,0.0
Country_of_Origin_Rwanda,0.0
Country_of_Origin_United_States_Puerto_Rico,0.0
Country_of_Origin_Unknown,0.0
Country_of_Origin_Zambia,0.0
Mill_17_18,0.0
Mill_a_shu_she_coffee,0.0
Mill_ac_la_laja_sa_de_cv,0.0
Mill_bai_he_lin_coffee,0.0
Mill_at_site_and_addis_ababa,0.0
Mill_aspinwall_co_ltd_mangalore,0.0
Mill_arusha,0.0
Mill_arroyo_triste_arroyo_triste_san_jose_vista_hermosa,0.0
Mill_armazens_gerais_cocarive,0.0
Mill_baroida,0.0
Mill_aricha_coop,0.0
Mill_apollo_co_ltd,0.0
Mill_antioquia,0.0
Mill_amkeni_gourmet_coffee_group,0.0
Mill_alishan_zou_zhu_yuan,0.0
Mill_alicia_s_farm,0.0
Mill_ada_farm,0.0
Mill_apollo_estate,0.0
Mill_sasini_mills,0.0
Mill_c_p_w_e,0.0
Mill_cafes_de_naranjal_s_a_de_c_v,0.0
Mill_cordoba_ver,0.0
Mill_coricafe_sa,0.0
Mill_corta_pico_balbino_ramirez,0.0
Mill_cosautlan_de_carvajal_veracruz_m_xico,0.0
Mill_cruz_verde,0.0
Mill_cuauhtemoc_321_col_trinidad_de_las_huertas,0.0
Mill_doi_tung_development_project,0.0
Mill_dongshan_gaoyuan_village_chief_manor_coffee_tainan_taiwan,0.0
Mill_dos_puentes_de_finca_kassandra,0.0
Mill_dragon_coffee,0.0
Mill_drima_zede,0.0
Mill_dry,0.0
Mill_dry_hull,0.0
Mill_dry_in_solar_beds,0.0
Mill_ecc,0.0
Mill_ecc_beneficio_veracruz,0.0
Mill_echo_coffee_mill,0.0
Mill_elida_estate,0.0
Mill_el_tesoro,0.0
Mill_el_romnace_azul_rio_verde,0.0
Mill_el_regalito,0.0
Mill_el_regadito,0.0
Mill_el_patalillo,0.0
Mill_copag_armaz_ns_gerais_ltda,0.0
Mill_el_pacayal_amatenango_de_la_frontera_chiapas,0.0
Mill_el_morito,0.0
Mill_el_mirador,0.0
Mill_el_mavodo,0.0
Mill_el_desmoronado,0.0
Mill_el_chipoco_municipio_de_tlanchinol,0.0
Mill_el_borbollon,0.0
Mill_el_olvido_zentla_veracruz,0.0
Mill_cafeco_3,0.0
Mill_copag_varginha_mg,0.0
Mill_cooperative_agro_industrielle_de_marmela,0.0
Mill_cafes_tomari_sa_de_cv,0.0
Mill_cafetal_la_ordu_a,0.0
Mill_cafetal_santa_maria,0.0
Mill_cafetal_sinai,0.0
Mill_cafetalera_aquiares,0.0
Mill_cafetaleros_de_la_yerbabuena_spr_de_rl,0.0
Mill_cafex,0.0
Mill_cafico,0.0
Mill_caf_do_para_so,0.0
Mill_caf_don_balbino,0.0
Mill_canoa_manzanillo,0.0
Mill_carapina,0.0
Mill_carapina_armazens_gerais,0.0
Mill_cartago,0.0
Mill_cauca,0.0
Mill_central_kenya_coffee_mills,0.0
Mill_chang_yu_liang,0.0
Mill_coopeagri,0.0
Mill_coop_hoja_blanca_fedecocagua,0.0
Mill_coocafe_r_l,0.0
Mill_concepcion,0.0
Mill_comunidad_de_sac_n_palma_municipio_de_chil_n_chiapas,0.0
Mill_comitla,0.0
Mill_copag,0.0
Mill_cohorsil,0.0
Mill_coffee_business_center_cbc_dry_mill,0.0
Mill_cocarive,0.0
Mill_cnra_station_of_divo,0.0
Mill_ckcm_nkg,0.0
Mill_ckcm,0.0
Mill_cigrah,0.0
Mill_coffee_processing_and_warehouse_enterpri,0.0
Mill_sasini_mills_thika_cofee_mills,0.0
Mill_mcomafa,0.0
Mill_selian_coffee_estate,0.0
Region_mbale,0.0
Region_canoas,0.0
Region_carmo_de_minas,0.0
Region_central_america,0.0
Region_central_kenya,0.0
Region_cerrado,0.0
Region_cerrado_monte_carmelo_minas_gerais,0.0
Region_chamarel_south_west,0.0
Region_chapad_o_de_ferro_cerrado_mineiro,0.0
Region_chapulhuacan_hidalgo,0.0
Region_chiang_rai,0.0
Region_chiang_rai_thailand,0.0
Region_chiapas_jaltenango,0.0
Region_chiayi_alishan,0.0
Region_chickmangalore,0.0
Region_matagalpa,0.0
Region_chuva_san_marcos,0.0
Region_cnra_station_of_divo,0.0
Mill_seid_damtew_coffee_export_and_plantation,0.0
Region_cofradia_de_suchitlan,0.0
Region_colima,0.0
Region_comayagua_honduras,0.0
Region_cordoba,0.0
Region_corillera_administrative,0.0
Region_coscomatepec,0.0
Region_cajamarca,0.0
Region_cacahuatique,0.0
Region_bukidnon_mindanao_philppines,0.0
Region_mbeya,0.0
Mill__8,0.0
Mill_lin_yuan_coffee,0.0
Mill__9,0.0
Mill__10,0.0
Mill__11,0.0
Mill__12,0.0
Region_acatenango,0.0
Region_aceh,0.0
Region_aceh_gayo,0.0
Region_ada_okinawa_japan,0.0
Region_addis_ababa,0.0
Region_adolfo_lopez_mateos,0.0
Region_costa_rica,0.0
Region_aldea_xeucalvitz_ixil_region_quiche_department,0.0
Region_aricha,0.0
Region_arusha_meru,0.0
Region_asia_pacific,0.0
Region_mbinga,0.0
Region_baihe_dist_tainan_city,0.0
Region_bali,0.0
Region_berastagi,0.0
Region_blend,0.0
Region_blida_kercha_guji_oromia,0.0
Region_bondowoso,0.0
Region_boquete,0.0
Region_brunca,0.0
Region_alta_paulista_sao_paulo,0.0
Region_cuarente_o,0.0
Region_dala,0.0
Region_dipilto_nueva_segovia,0.0
Region_ikand_village,0.0
Region_iliatenco_guerrero,0.0
Region_indonesia,0.0
Region_iwala_village_mbeya_rural,0.0
Region_jalapa,0.0
Region_jaltenango,0.0
Region_juchique_de_ferrer,0.0
Region_juquila,0.0
Region_kakoma,0.0
Region_kapchorwa_eastern,0.0
Region_karatu_ngorogoro,0.0
Region_karatu_northern,0.0
Region_ijen,0.0
Region_kasese,0.0
Region_kayanza,0.0
Region_kefa_zone_gimbo_distict_at_a_place_called_woka_araba_south_west_ethiopia,0.0
Region_kelem_welega,0.0
Region_kenya,0.0
Region_manyara_karatu,0.0
Region_la_plata,0.0
Region_la_reforma_san_marcos,0.0
Region_la_yerbabuena,0.0
Region_leye_alishan_township_chiayi_county__1,0.0
Region_mahuixtlan,0.0
Region_limu,0.0
Region_lintong,0.0
Region_kasese_mt_rwenzori,0.0
Mill__7,0.0
Region_hustusco,0.0
Region_huazalingo_hidalgo,0.0
Region_doi_chaang_village_chiang_rai_thialand,0.0
Region_marmelade,0.0
Region_manzanillo,0.0
Region_dolok_sanggul,0.0
Region_don_duong,0.0
Region_dongshan_dist_tainan_city,0.0
Region_east_java,0.0
Region_eastern,0.0
Region_eastern_highlands_province,0.0
Region_eastern_uganda,0.0
Region_eje_cafetero,0.0
Region_el_desmoronado_talpan_de_allende_jalisco,0.0
Region_huila_supremo,0.0
Region_el_para_so,0.0
Region_escuitla,0.0
Region_ethiopia_sidamo,0.0
Region_fln_mirador,0.0
Region_fort_n_de_las_flores,0.0
Region_gedio,0.0
Region_gicumbi,0.0
Region_guinope_el_para_so,0.0
Region_guji_hambela,0.0
Region_haiti,0.0
Region_high_mogiana,0.0
Region_huanuco,0.0
Region_huautla_de_jimenez,0.0
Region_el_tumbador_san_marcos,0.0
Mill__6,0.0
Region_los_angeles,0.0
Mill__5,0.0
Mill_sheng_he_shang_pin_coffee,0.0
Region_meru,0.0
Mill_tulla_coffee_farm,0.0
Mill_tutunze_kahawa_ltd,0.0
Mill_taylor_winch_t_ltd,0.0
Mill_tuxpal,0.0
Mill_ugacof,0.0
Mill_utcam_usine_traitement_cafe_marmelade,0.0
Mill_various_smallholders_wet_mills,0.0
Region_meru_county,0.0
Mill_zaragoza_montelibano_pamal_navil,0.0
Mill_very_famous_intl,0.0
Mill_via_seca,0.0
Mill_tapachula_chiapas,0.0
Mill_trilladora_picale_a,0.0
Mill_shwe_yin_mar,0.0
Mill_zapotitlan_de_mendez_puebla,0.0
Mill_soc_coop_de_caf_de_ciudad_barrios_de_r_l,0.0
Mill_yun_lan_coffee_co_ltd_mill,0.0
Mill_sogestal_mumirwa,0.0
Mill_song_yue_coffee,0.0
Mill_yu_jin_gui,0.0
Mill_wolensu,0.0
Mill_you_siang_coffee_farmtainan_taiwan,0.0
Mill_taiwan_hao_ka,0.0
Mill_spot,0.0
Mill_yes,0.0
Mill_xu_yuan_zhang,0.0
Mill_worka,0.0
Mill_xicotepec_de_juarez,0.0
Mill_villa_talea_de_castro_oaxaca,0.0
Mill_trilladora_europa,0.0
Mill_tropica_galliard,0.0
Mill_sunshine_valley_estate,0.0
Mill__3,0.0
Mill__4,0.0
Mill_4_88,0.0
Mill_triladora_bonanza,0.0
Mill_shah_plantation,0.0
Mill__2,0.0
Mill__1,0.0
Mill,0.0
Mill_zhuo_wu_shan_coffee,0.0
Mill_tokoffee,0.0
Mill_triladora_bonanza_armenia,0.0
Mill_hoe_vs_flower_coffee_farm,0.0
Mill_tlavictepan_huatusco,0.0
Mill_tlamatoca_hutusco_ver,0.0
Mill_trilladora_asia,0.0
Mill_several_coricafe_dry_mill,0.0
Mill_the_beneficio_is_designed_to_be_ecologic,0.0
Mill_tepictla_y_xalapa_veracruz,0.0
Mill_zhang_li_hong_coffee,0.0
Mill_several,0.0
Mill_shangrilla_estate_ltd,0.0
Grading_Date_November_15th_2017__1,4.4408920985006264e-17
Mill_olam,4.4408920985006264e-17
Grading_Date_September_14th_2015,4.4408920985006264e-17
Mill_pu_er_lingdu_yunlin_coffee_co_ltd_mill,4.4408920985006264e-17
Mill_ixchel,1.3322676295501878e-16
Mill_finca_camila,1.7763568394002506e-16
Grading_Date_August_18th_2015,2.220446049250313e-16
Grading_Date_August_21st_2014,2.220446049250313e-16
Mill_corral_del_diablo_lote_1,2.220446049250313e-16
Grading_Date_May_17th_2010,2.220446049250313e-16
Country_of_Origin_El_Salvador,0.00017694408042867593
Region_arusha,0.00019451764203215482
Mill_trilladora_agricola,0.0002036332580447553
Grading_Date_October_20th_2017,0.00020395744244927627
Grading_Date_April_4th_2015,0.00021437525857868068
Region_dongshan_dist_tainan_city__1,0.00028133188336989525
Mill_trilladora_bonanza_armenia_quindioa,0.00037366999940744436
In_Country_Partner_METAD_Agricultural_Development_plc,0.0003976803057759382
Grading_Date_February_7th_2013,0.0004907418683359532
Country_of_Origin_Uganda,0.0005058977720836966
Variety_Yellow_Bourbon,0.0005495002319053866
Certification_Body_METAD_Agricultural_Development_plc,0.0005499359987013897
Variety_SL28,0.000554493119440358
Mill_cafetalera_la_cuchilla,0.0005720236428856662
Mill_zaragoza_itundujia_oaxaca,0.0005726431806371667
Mill_ipanema_comercial_e_exportadora_sa,0.0007019213457363005
Region_natou_county,0.0007633383435805552
Country_of_Origin_United_States,0.0007912626360884634
Grading_Date_September_22nd_2011,0.0008027224094327324
Mill_bachue,0.0008853884292381098
Region_coatepec,0.0009128060303501551
Mill_tsoustructive_garden,0.0009588084194674495
Grading_Date_December_28th_2015,0.0009849850387501301
Grading_Date_March_25th_2015,0.000993583458762326
Region_santander,0.0011317299607168207
Grading_Date_June_26th_2014,0.001177135463647816
Mill_trilladora_boananza,0.0012164476565705185
Grading_Date_May_22nd_2012,0.0012197869211789004
Grading_Date_December_12th_2014,0.001330348724182895
Region_sidamo,0.0013460086231201096
Region_antigua,0.00139018887281257
Grading_Date_March_13th_2015,0.0014165049570056044
Variety_Gesha,0.0014250775388778391
Mill_beneficio_2000,0.001486016100835119
Region_tarrazu,0.0015998649749914052
In_Country_Partner_Salvadoran_Coffee_Council,0.0016012894774580567
Country_of_Origin_Myanmar,0.0016279773155035038
Region_antioquia,0.0016705010286938826
In_Country_Partner_Specialty_Coffee_Association,0.0016872517789146002
Grading_Date_March_8th_2013,0.001688820020011228
Grading_Date_July_6th_2015,0.0018044698311245444
Mill_la_yerba,0.0018140820440148754
Mill_neiva,0.001839142890087264
Region_central_valley,0.0018643572882525161
Country_of_Origin_Taiwan,0.0018858566804206723
Region_south_of_minas,0.0019649695608024986
Grading_Date_January_13th_2012,0.00199258351675613
Certification_Body_Salvadoran_Coffee_Council,0.002031127687890044
Grading_Date_October_31st_2014,0.002034678883998797
Region_kapchorwa,0.0020546379380801394
Region_mzuzu,0.0020837005100138974
Region_coatepec_coatepec,0.0020932075821416653
Region_guayata,0.0021459201453708277
Region_menglian,0.0021930520706645805
Certification_Body_Specialty_Coffee_Association_of_Costa_Rica,0.002208285783901931
In_Country_Partner_Specialty_Coffee_Association_of_Costa_Rica,0.0022880550696159794
Region_oromia,0.0023605823137778036
Grading_Date_May_31st_2010,0.0024060310246513117
Region_cauca,0.0024260833329647234
Variety_Catimor,0.0024332721921952903
Region_xalapa,0.002500403352694902
Mill_finca_la_fortuna,0.0026011225933129543
Grading_Date_May_18th_2016,0.0026173529319990286
Region_motozintla_chiapas,0.00264778190505508
Certification_Body_Specialty_Coffee_Association,0.002733162237084019
Mill_r_w_j_wallace_ltd,0.0027391698013114587
Region_nyeri,0.0028650470050325836
Country_of_Origin_Kenya,0.0029151328738124204
Mill_beneficio_monta_as_del_diamante,0.002989188121121966
Quakers,0.003059122299974448
Region_southern_zomba,0.003101510751855585
Grading_Date_November_23rd_2014,0.003141137345317624
Region_el_progreso,0.0032154743309216194
Grading_Date_September_11th_2012,0.0032174819080933227
Mill_el_pino_cosautlan_de_carvajal,0.003278572485168585
Region_oriente,0.003355539112285433
Grading_Date_January_10th_2017,0.003418586859867112
Grading_Date_July_15th_2014,0.0034710067910193264
Grading_Date_February_25th_2016,0.0035902728961547227
Grading_Date_September_27th_2012,0.0036703725209816574
Variety_Caturra,0.003675231402721635
Mill_cafetal_el_equimite_rancho_agroecol_gico,0.0036896960592803342
Grading_Date_December_26th_2013,0.003702268386264129
Processing_Method_Unknown,0.0037051203289035772
Region_thailand,0.0037260702372812204
Grading_Date_April_6th_2012,0.0037540818613138517
Mill_rafiki_coffee_limited,0.003772981560717437
Variety_Unknown,0.003827726331476056
Grading_Date_November_7th_2014,0.0038440864488244798
Region_karatu_arusha,0.003953433725572553
Grading_Date_March_26th_2015,0.004081730401550509
Region_chiangrai,0.004115485034442789
Certification_Body_Specialty_Coffee_Institute_of_Asia,0.004367767619578067
In_Country_Partner_Tanzanian_Coffee_Board,0.004376394751433454
Certification_Body_Tanzanian_Coffee_Board,0.004397987954058369
Grading_Date_November_4th_2014,0.004485374983993151
Mill_mzuzu_coffee_coop_union,0.0045337971925509144
Grading_Date_February_29th_2012,0.004602524602217306
Country_of_Origin_Nicaragua,0.004621965067732647
Grading_Date_January_8th_2015,0.004798549440264454
Country_of_Origin_Malawi,0.004866000905965629
Grading_Date_August_1st_2012,0.0050155217686133294
Grading_Date_April_29th_2015,0.005041413265601457
Mill_beneficio_siembras_vision_154,0.005309030958868322
Variety_Pacamara,0.00554709116821952
Region_sacatepequez_guatemala,0.005713307965088732
Grading_Date_April_6th_2016,0.005795366233763355
Grading_Date_February_20th_2017,0.005921411943427568
Region_ngorogoro,0.0059384594893214125
In_Country_Partner_Africa_Fine_Coffee_Association,0.0060139758715998855
Grading_Date_March_29th_2013,0.00602251320633822
Region_intibuca,0.0060779831586172065
In_Country_Partner_Specialty_Coffee_Institute_of_Asia,0.006302378704136325
Region_norte,0.006465276261276021
Region_grama_valley,0.0065458243428697886
Grading_Date_September_3rd_2013,0.006556190505738857
Grading_Date_May_11th_2017,0.0066200830107000065
Mill_cafes_finos_de_exportacion_s_de_r_l,0.006769057119756417
Grading_Date_April_2nd_2014,0.006803516357764683
Mill_bogota,0.006816784229206086
Grading_Date_January_6th_2015,0.006829914577082019
Certification_Body_Africa_Fine_Coffee_Association,0.006841893962523438
Mill_amsa_oaxaca,0.0068731495582409876
Grading_Date_February_15th_2015,0.0068840308682828425
Variety_Pacas,0.006903597243116533
Region_changhua_baguashan,0.006961157364137294
Mill_green_beans,0.0069797247687907625
Mill_ngorogoro_convenant_estate,0.007014554866207057
Region_san_ramon,0.007047907918667629
Country_of_Origin_Tanzania_United_Republic_Of,0.0072973916902254075
Grading_Date_March_20th_2013,0.0073493113758336115
Region_ilomba_vilage_mbozi,0.007514172821103027
Mill_dragon_coffee__1,0.007559498500996975
In_Country_Partner_Almacaf,0.007562277066605949
Grading_Date_August_16th_2011,0.007664190796751624
Region_pochutla,0.007895733076567235
Region_vale_da_grama,0.008029634742846459
Certification_Body_Almacaf,0.008103523807318625
Region_central_region,0.00825037502031567
Mill_cafe_altura_de_san_ramon,0.008346989312538921
Mill_tembo_coffee_company_ltd,0.008367820775971268
Grading_Date_March_21st_2015,0.008637372100361928
Region_jinotega,0.008782429245614143
Region_la_concordia,0.00916574411186979
Grading_Date_June_30th_2014,0.00919389026894164
Grading_Date_December_15th_2014,0.009583184328632855
Region_cundinamarca,0.009956906862910153
Region_leye_alishan_township_chiayi_county,0.010218754696522914
Region_occidental,0.010340920586610425
Grading_Date_May_12th_2017,0.010409624719541322
Country_of_Origin_United_States_Hawaii,0.010442617921952734
Region_nantou,0.010509907097916637
Mill_alcafe_s_a_de_c_v,0.010618060638801174
Grading_Date_May_23rd_2016,0.010717312173675487
Region_kona,0.010834916283902008
Certification_Body_NUCOFFEE,0.010873320328496328
Variety_Bourbon,0.010886188822959265
Mill_ipanema_coffees,0.011197833978657989
Certification_Body_Blossom_Valley_International,0.011297565716024693
Grading_Date_August_16th_2016,0.011618012156688206
Region_pitalito,0.011806558833268487
Grading_Date_October_9th_2012,0.011960936699301938
Region_veracruz,0.012013755183860098
In_Country_Partner_Blossom_Valley_International,0.012466594799924046
Grading_Date_February_27th_2014,0.013060146608839519
In_Country_Partner_NUCOFFEE,0.013078663401862745
Processing_Method_Other,0.013159558362240387
Grading_Date_August_5th_2016,0.013322580513059212
Grading_Date_April_26th_2013,0.01342614446762953
Country_of_Origin_Guatemala,0.013652651762210399
Grading_Date_December_3rd_2011,0.01372852991025495
Grading_Date_June_6th_2016,0.01407966027219032
Mill_dae_ltd,0.014327587983929146
Category_Two_Defects,0.014492461009878933
Region_la_yerba,0.0145286432146293
Grading_Date_April_8th_2014,0.014575339345511163
Grading_Date_March_14th_2017,0.014817615066795709
Grading_Date_June_22nd_2017,0.014825756258978329
Grading_Date_June_20th_2017,0.015264943360422256
Region_el_balsamo_quezaltepec,0.015420258248536278
Grading_Date_July_15th_2016,0.01596712389222572
Region_Unknown,0.015995196821965284
Processing_Method_Semi_washed_Semi_pulped,0.016456619464272616
Grading_Date_August_22nd_2017,0.016742523159027356
Grading_Date_September_20th_2011,0.016809886793442863
Mill_trilladora_bonanza_armenia_quindio,0.016925867152796335
Region_kilimanjaro,0.01704975645572111
Grading_Date_April_21st_2011,0.01721074317181699
Mill_shi_fang_yuan,0.01756103034372647
Mill_agroindustrias_unidas_de_mexico,0.01757029750736505
Grading_Date_April_26th_2014,0.017797518178752393
Mill_dry_mill,0.017801284483639622
In_Country_Partner_Asociacion_Nacional_Del_Caf,0.017992609521785143
Region_moshi,0.01802250024644536
Grading_Date_July_16th_2014,0.018874732873508205
Grading_Date_December_18th_2014,0.01904306243870606
Variety_Other,0.01952575742924658
Grading_Date_September_13th_2013,0.019975246263258927
Mill_coopetarraz,0.019977987975898004
Mill_santa_adelaida,0.020068549050254524
Certification_Body_Asociacion_Nacional_Del_Caf,0.020425064121395865
Coffee_Age,0.020946027148079027
Grading_Date_May_8th_2017,0.020970431228332663
Mill_cigrah_sps,0.021687772690391127
Variety_Mundo_Novo,0.02194745277785328
Mill_finca_custepec,0.02227064025465031
Country_of_Origin_Philippines,0.02321213098258883
Grading_Date_November_9th_2017,0.023213439395513746
Region_huila,0.023749183721641053
Grading_Date_June_27th_2014,0.024110603164672062
Mill_beneficio_nueva_granada,0.024164683371395303
Grading_Date_January_11th_2018,0.02419503107616707
Grading_Date_March_15th_2011,0.024549663189300897
Grading_Date_February_26th_2013,0.024748230296277263
Body,0.02519342741522932
Grading_Date_July_26th_2012,0.02551598854588253
Altitude,0.025648702076314044
Aroma,0.026728734484204698
Certification_Body_Centro_Agroecol_gico_del_Caf_A_C,0.026940302425143735
Grading_Date_January_23rd_2012,0.029447041343435697
Grading_Date_February_26th_2016,0.030591887535441155
Grading_Date_March_24th_2014,0.030939578080240705
Mill_beneficio_cuzcachapa,0.031037268258790763
Grading_Date_June_5th_2017,0.0310473627890246
Grading_Date_June_1st_2016,0.031138559469235737
Grading_Date_August_28th_2017,0.031198365294691756
Region_mantiqueira_de_minas,0.03121168774377061
Mill_coatepec_ver,0.03157656806506002
In_Country_Partner_Centro_Agroecol_gico_del_Caf_A_C,0.031958114503008096
Region_calnali_hidalgo,0.03222533128012457
Country_of_Origin_Colombia,0.034485827074170826
Mill_beneficio_ixchel,0.03509092577524997
Acidity,0.03612947513626754
Grading_Date_July_3rd_2012,0.03634379978263784
Grading_Date_July_2nd_2012,0.03738602327265561
Grading_Date_July_16th_2013,0.03803990786975815
Grading_Date_April_2nd_2012,0.038062516108398906
Balance,0.03821372489731027
Grading_Date_August_30th_2012,0.039939704656042976
Grading_Date_September_4th_2012,0.04018225229291259
Grading_Date_September_14th_2012,0.04156249975604307
Aftertaste,0.04185511265631829
Grading_Date_September_10th_2012,0.04344611080379577
Grading_Date_June_29th_2010,0.044591884076614186
Grading_Date_January_26th_2015,0.05034538642480213
Flavor,0.05075087147415684
Grading_Date_June_1st_2017,0.05085449854048361
Country_of_Origin_Vietnam,0.051146615285331556
Overall,0.05156352407168692
Region_atitlan,0.051841118666223096
Mill_pt_olam_indonesia,0.052374550021639446
Grading_Date_June_9th_2015,0.05309755862310848
Region_san_bartolo_tutotepec,0.05424194181122619
Mill_angel_albino_corzo_chiapas,0.05826632376181682
Grading_Date_June_6th_2012,0.059081403344882454
Grading_Date_February_23rd_2012,0.05929303532164787
Mill_las_americas,0.07332565566441715
Grading_Date_April_6th_2017,0.07415383635426391
Grading_Date_July_11th_2012,0.07576559332167658
Grading_Date_May_12th_2015,0.10094354009106368
