feature,mean_importance
Mill_several,-0.03169235735970457
Region_occidental,-0.029609753625180923
Grading_Date_March_10th_2014,-0.025564253863047857
Mill__12,-0.015729100146736785
Grading_Date_July_23rd_2012,-0.012817808434263722
Certification_Body_Specialty_Coffee_Association_of_Costa_Rica,-0.012502502517217762
In_Country_Partner_Specialty_Coffee_Association_of_Costa_Rica,-0.012307243423177527
In_Country_Partner_Specialty_Coffee_Association,-0.011113645642946058
Certification_Body_Specialty_Coffee_Association,-0.010644664402654635
Mill_Unknown,-0.00917007830014922
Grading_Date_April_6th_2012,-0.009100526452628177
Color_Green,-0.008139712935643039
Region_san_marcos,-0.007617927192357965
Country_of_Origin_Ethiopia,-0.0076126935595617114
Mill_trilladora_agricola,-0.007520756904341108
Mill_central_kenya_coffee_mills,-0.007196812909630435
Color_Bluish_Green,-0.0071461548074056355
Grading_Date_April_8th_2015,-0.006810522320106482
Variety_Bourbon,-0.006695756972516587
Color_Unknown,-0.006681084430895523
Region_kapchorwa,-0.006098686594260427
Variety_Hawaiian_Kona,-0.005918721575125074
Altitude,-0.005414108894071146
Variety_Caturra,-0.005218239276712255
Grading_Date_June_17th_2010,-0.005063415694913953
Processing_Method_Washed_Wet,-0.005000563699734828
Region_central_kenya,-0.004856465655185227
Region_antigua,-0.004536422260873141
In_Country_Partner_Ethiopia_Commodity_Exchange,-0.004069532831432854
Mill_kan_tou_mountain_coffee,-0.004030152872547465
Grading_Date_January_18th_2012,-0.0039009149329803706
Grading_Date_July_6th_2015,-0.0037206889169819624
Region_nantou,-0.0037137083109412663
Grading_Date_September_11th_2012,-0.003366310839302811
Region_jaltenango,-0.0029647631245584005
Certification_Body_Ethiopia_Commodity_Exchange,-0.002961873411810556
Grading_Date_March_1st_2011,-0.002821841185628493
Region_santa_rosa,-0.0027183660224893826
Country_of_Origin_Honduras,-0.0023080874491831606
Country_of_Origin_Costa_Rica,-0.002263337550829592
Certification_Body_Almacaf,-0.0022365073283619587
Region_kona,-0.002126892196628849
Region_dongshan_dist_tainan_city__1,-0.00210253564060936
In_Country_Partner_Almacaf,-0.0020924159356696228
Variety_SL28,-0.0020888414656415
Bag_Weight,-0.0018701412097301916
Certification_Body_METAD_Agricultural_Development_plc,-0.001779999481823391
In_Country_Partner_METAD_Agricultural_Development_plc,-0.001724168434506157
Country_of_Origin_United_States,-0.0016956061315078763
Grading_Date_March_30th_2015,-0.0016036823187262962
Variety_Pacamara,-0.0015131675464086004
Grading_Date_March_28th_2015,-0.0012114406952973278
Certification_Body_Centro_Agroecol_gico_del_Caf_A_C,-0.001188172089174566
Region_intibuca,-0.000964837269735086
In_Country_Partner_Centro_Agroecol_gico_del_Caf_A_C,-0.0009219395285678278
Mill_cafes_finos_de_exportacion_s_de_r_l,-0.0007594438807223991
Grading_Date_September_4th_2012,-0.0007536625937466068
Region_antioquia,-0.0007049575319995283
Variety_Unknown,-0.0006873463735581175
Region_apaneca,-0.0006024431368004457
Grading_Date_March_13th_2015,-0.0006024315203296826
Mill_nkg_ck_hc_ss_kccm,-0.0005674213009967622
Mill_beneficio_serben,-0.0004607834332788885
Mill_kona_pacific_farmers_cooperative,-0.0004530932062998261
Grading_Date_August_23rd_2017,-0.0004407681718343381
Country_of_Origin_Taiwan,-0.00036382275916844173
Region_jinotega,-0.0003448658147905626
Grading_Date_December_3rd_2011,-0.0002924784361149735
Region_zaragoza_itundujia,-0.00015500100172178844
Region_oromia,-0.00014730931997679607
Country_of_Origin_Guatemala,-0.00012114263024185501
Grading_Date_May_15th_2014,-9.876289514811897e-05
Region_oriente,-5.110013299409743e-05
Processing_Method_Unknown,-3.721432652963319e-05
Mill_cigrah_s_a_de_c_v,-1.560904595769852e-05
Grading_Date_August_2nd_2012,-1.4432899320127035e-15
Variety_Pache_Comun,-1.1102230246251565e-15
Grading_Date_March_4th_2015,-7.771561172376096e-16
Grading_Date_March_18th_2013,-7.771561172376096e-16
Region_kelem_welega,-4.440892098500626e-16
Grading_Date_June_21st_2017,-4.440892098500626e-16
Region_hustusco,-4.440892098500626e-16
Grading_Date_May_8th_2014,-4.440892098500626e-16
Region_siguatepeque_comayagua,-2.4424906541753446e-16
Grading_Date_February_17th_2016,-2.220446049250313e-16
Mill_very_famous_intl,-1.554312234475219e-16
Mill_finca_estate,-8.881784197001253e-17
Grading_Date_May_25th_2015,-8.881784197001253e-17
Region__4,-8.881784197001253e-17
Region_ywar_ngan_township,-8.881784197001253e-17
Grading_Date_June_23rd_2016,-8.881784197001253e-17
Grading_Date_September_17th_2015,-4.4408920985006264e-17
Grading_Date_December_30th_2013,-4.4408920985006264e-17
Mill_finca_montegrande_jaltenango,-4.4408920985006264e-17
Mill_4_88,-4.4408920985006264e-17
Region_escuitla,-4.4408920985006264e-17
Grading_Date_May_2nd_2016,-4.4408920985006264e-17
In_Country_Partner_Central_De_Organizaciones_Productoras_De_Caf_y_Cacao_Del_Per_Central_Caf_Cacao,0.0
Grading_Date_August_28th_2017,0.0
Grading_Date_August_27th_2015,0.0
Grading_Date_August_27th_2013,0.0
Grading_Date_April_7th_2014,0.0
Grading_Date_August_15th_2014,0.0
Grading_Date_October_4th_2016,0.0
Grading_Date_August_26th_2010,0.0
Grading_Date_August_25th_2017,0.0
Grading_Date_October_4th_2013,0.0
Grading_Date_August_25th_2014,0.0
Grading_Date_October_4th_2011,0.0
Grading_Date_October_25th_2012,0.0
Grading_Date_October_23rd_2014,0.0
Grading_Date_August_30th_2013,0.0
In_Country_Partner_Specialty_Coffee_Institute_of_Asia,0.0
Grading_Date_August_23rd_2012,0.0
Grading_Date_October_1st_2013,0.0
Grading_Date_April_6th_2011,0.0
Grading_Date_August_14th_2014,0.0
Grading_Date_April_5th_2016,0.0
In_Country_Partner_Blossom_Valley_International__1,0.0
In_Country_Partner_Asociaci_n_Mexicana_De_Caf_s_y_Cafeter_as_De_Especialidad_A_C,0.0
Region_zentla,0.0
Region_zihuatanejo_de_azueta,0.0
Grading_Date_April_9th_2010,0.0
Region,0.0
Region_60,0.0
Grading_Date_April_8th_2016,0.0
Region__1,0.0
Region__2,0.0
Region_dongshan_dist_tainan_city__3,0.0
Region__3,0.0
Grading_Date_November_9th_2017,0.0
Grading_Date_August_7th_2013,0.0
Region__5,0.0
Grading_Date_August_11th_2014,0.0
Grading_Date_October_19th_2012,0.0
Region_guoshing_township,0.0
Region__6,0.0
Region__7,0.0
Grading_Date_August_12th_2016,0.0
Grading_Date_October_5th_2012,0.0
In_Country_Partner_Tanzanian_Coffee_Board,0.0
Grading_Date_October_26th_2016,0.0
Grading_Date_August_5th_2016,0.0
Grading_Date_April_19th_2017,0.0
Grading_Date_April_20th_2015,0.0
Grading_Date_October_28th_2014,0.0
Grading_Date_August_18th_2015,0.0
Grading_Date_April_2nd_2014,0.0
Grading_Date_April_23rd_2015,0.0
Grading_Date_April_24th_2015,0.0
Grading_Date_April_25th_2014,0.0
Grading_Date_April_25th_2016,0.0
Grading_Date_April_26th_2013,0.0
Grading_Date_October_18th_2016,0.0
Grading_Date_August_31st_2012,0.0
Grading_Date_August_17th_2012,0.0
Grading_Date_April_26th_2016,0.0
Grading_Date_April_27th_2012,0.0
Grading_Date_April_27th_2016,0.0
Grading_Date_August_31st_2010,0.0
Grading_Date_April_28th_2017,0.0
Grading_Date_April_29th_2013,0.0
Grading_Date_April_17th_2014,0.0
Grading_Date_April_16th_2013,0.0
Grading_Date_April_30th_2014,0.0
Grading_Date_August_19th_2016,0.0
Grading_Date_August_21st_2014,0.0
Grading_Date_August_3rd_2015,0.0
In_Country_Partner_Torch_Coffee_Lab_Yunnan,0.0
Grading_Date_October_31st_2014,0.0
Grading_Date_April_10th_2015,0.0
Grading_Date_August_31st_2016,0.0
Grading_Date_April_11th_2012,0.0
Grading_Date_April_5th_2012,0.0
Grading_Date_April_4th_2016,0.0
Grading_Date_August_16th_2016,0.0
Grading_Date_October_26th_2015,0.0
Grading_Date_April_9th_2012,0.0
Grading_Date_April_12th_2014,0.0
Grading_Date_April_13th_2010,0.0
Grading_Date_October_29th_2013,0.0
Grading_Date_October_17th_2017,0.0
Grading_Date_October_23rd_2012,0.0
Grading_Date_April_15th_2015,0.0
Grading_Date_April_15th_2016,0.0
Grading_Date_April_30th_2015,0.0
Grading_Date_April_11th_2014,0.0
Grading_Date_October_27th_2017,0.0
Region_tlanchinol_hidalgo,0.0
Grading_Date_October_7th_2013,0.0
Region_mzuzu,0.0
Region_nanxi_dist_tainan_city,0.0
Region_naranjo,0.0
Grading_Date_September_17th_2012,0.0
Region_natou_county,0.0
Region_nayarit,0.0
Region_ngorogoro,0.0
Region_nkure_meru,0.0
Grading_Date_September_16th_2012,0.0
Grading_Date_September_15th_2015,0.0
Grading_Date_September_14th_2015,0.0
Region_oaxaca,0.0
Region_occidente,0.0
Region_ocosingo,0.0
Region_ocotepeque,0.0
Region_ohuapan_tlaltetela,0.0
Region_orient,0.0
Region_oromiya,0.0
Grading_Date_September_14th_2012,0.0
Region_penachi_cecanor,0.0
Region_pereira,0.0
Region_peru,0.0
Region_petatlan,0.0
Region_phahi,0.0
Region_pitalito,0.0
Region_pluma_hidalogo_oaxaca,0.0
Region_province_of_manabi_ecuador,0.0
Region_muranga,0.0
Region_puno,0.0
Region_mumirwa,0.0
Region_mt_rwenzori,0.0
Region_leye_alishan_township_chiayi_county__1,0.0
Grading_Date_September_20th_2016,0.0
Region_lintong,0.0
Region_los_angeles,0.0
Region_mahuixtlan,0.0
Grading_Date_September_20th_2011,0.0
Region_manyara_karatu,0.0
Region_manzanillo,0.0
Region_marmelade,0.0
Region_matagalpa,0.0
Region_matas_de_minas,0.0
Region_mbale,0.0
Grading_Date_September_1st_2017,0.0
Grading_Date_September_19th_2017,0.0
Region_menglian,0.0
Region_meru_county,0.0
Region_mexico,0.0
Region_minas_gerais_br,0.0
Region_mkuu_rombo,0.0
Region_mmm,0.0
Region_mogiana,0.0
Region_moshi,0.0
Region_motozintla,0.0
Region_motozintla_chiapas,0.0
Region_mountain_ali_taiwan,0.0
Region_mountains_of_minas_gerais,0.0
Region_mt_elgon,0.0
Region_mubuyu_estate,0.0
Region_zapotitlan_de_mendez,0.0
Region_pyin_oo_lwin,0.0
Region_quetzaltenango,0.0
Region_taiwu_township_pingtung_county,0.0
Region_talpa_de_allende,0.0
Region_tenango_de_doria_hidalgo,0.0
Region_tepetzingo,0.0
Region_tepictla,0.0
Grading_Date_August_8th_2014,0.0
Region_tlatlauquitepec,0.0
Region_totutla,0.0
Region_tres_rios,0.0
Region_turrialba,0.0
Region_vale_da_grama,0.0
Region_vietnam,0.0
Region_villa_talea_de_castro,0.0
Region_west_and_central_valley,0.0
Region_west_nile,0.0
Grading_Date_October_9th_2017,0.0
Region_western_region,0.0
Region_xalapa,0.0
Grading_Date_October_7th_2014,0.0
Region_xishuangbanna_prefecture,0.0
Region_xochitonalco_huautla,0.0
Region_yajalon,0.0
Region_yauco_region,0.0
Region_yauk_sauk_shan_state,0.0
Region_yecuatla,0.0
Region_yunlin_gukeng_he_bao,0.0
Region_yunlin,0.0
Region_taiwan,0.0
Region_pyinoolwin,0.0
Region_taichung_xinshe,0.0
Region_sumatra_brastagi,0.0
Region_sacatepequez_guatemala,0.0
Region_sac_n_palma_municipio_de_chil_n_chiapas,0.0
Region_san_bartolo_tutotepec,0.0
Region_san_fernando,0.0
Region_san_ignacio,0.0
Region_san_isidro,0.0
Region_san_lucas_toliman_solola,0.0
Region_san_miguel_del_puerto,0.0
Region_san_pedro_cotzilnam,0.0
Region_san_rafael,0.0
Region_san_ramon,0.0
Region_santa_catarina_juquila,0.0
Region_santa_maria_sitepec,0.0
Region_santo_reyes_nopala,0.0
Region_sapan_toraja,0.0
Region_shizingo_village,0.0
Grading_Date_September_13th_2013,0.0
Region_sierra_fraylesca_chiapas,0.0
Region_sierra_madre_occidental,0.0
Region_sierra_norte_yajalon_chiapas,0.0
Region_sierra_chiapas,0.0
Region_sipi_mt_elgon,0.0
Region_snnp_kaffa_zone_gimbowereda,0.0
Region_snnprg_kafa_telo_woreda_shada_kebele,0.0
Region_solola,0.0
Grading_Date_September_12th_2014,0.0
Region_sul_de_minas_carmo_de_minas,0.0
Region_taichung_taiping,0.0
Grading_Date_August_8th_2017,0.0
Grading_Date_November_2nd_2016,0.0
Grading_Date_December_10th_2013,0.0
Grading_Date_May_31st_2013,0.0
Grading_Date_June_26th_2017,0.0
Grading_Date_June_27th_2013,0.0
Grading_Date_May_31st_2012,0.0
Grading_Date_June_27th_2016,0.0
Grading_Date_June_28th_2016,0.0
Grading_Date_June_2nd_2015,0.0
Grading_Date_June_2nd_2016,0.0
Grading_Date_June_30th_2015,0.0
Grading_Date_June_30th_2017,0.0
Grading_Date_June_3rd_2013,0.0
Grading_Date_June_3rd_2017,0.0
Grading_Date_June_4th_2012,0.0
Grading_Date_June_26th_2012,0.0
Grading_Date_June_5th_2012,0.0
Grading_Date_May_30th_2014,0.0
Grading_Date_June_5th_2017,0.0
Grading_Date_June_6th_2013,0.0
Grading_Date_June_6th_2016,0.0
Grading_Date_June_6th_2017,0.0
Grading_Date_June_7th_2012,0.0
Grading_Date_June_8th_2012,0.0
Grading_Date_June_9th_2015,0.0
Grading_Date_June_9th_2016,0.0
Grading_Date_March_10th_2015,0.0
Grading_Date_March_11th_2013,0.0
Grading_Date_March_11th_2015,0.0
Grading_Date_March_11th_2016,0.0
Grading_Date_June_5th_2013,0.0
Grading_Date_June_25th_2015,0.0
Grading_Date_June_25th_2014,0.0
Grading_Date_May_3rd_2013,0.0
Grading_Date_July_29th_2011,0.0
Grading_Date_July_29th_2014,0.0
Grading_Date_July_31st_2015,0.0
Grading_Date_July_3rd_2015,0.0
Grading_Date_July_5th_2013,0.0
Grading_Date_July_5th_2016,0.0
Grading_Date_July_7th_2017,0.0
Grading_Date_July_8th_2015,0.0
Grading_Date_July_9th_2012,0.0
Grading_Date_June_10th_2014,0.0
Grading_Date_June_10th_2015,0.0
Grading_Date_June_11th_2015,0.0
Grading_Date_May_5th_2015,0.0
Grading_Date_June_13th_2017,0.0
Grading_Date_June_14th_2011,0.0
Grading_Date_June_15th_2016,0.0
Grading_Date_June_16th_2010,0.0
Grading_Date_May_5th_2014,0.0
Grading_Date_June_16th_2017,0.0
Grading_Date_June_18th_2015,0.0
Grading_Date_May_4th_2011,0.0
Grading_Date_June_1st_2017,0.0
Grading_Date_June_20th_2014,0.0
Grading_Date_June_20th_2017,0.0
Grading_Date_June_21st_2011,0.0
Grading_Date_June_21st_2012,0.0
Grading_Date_June_21st_2013,0.0
Grading_Date_June_22nd_2017,0.0
Grading_Date_June_23rd_2017,0.0
Grading_Date_March_12th_2015,0.0
Grading_Date_March_13th_2014,0.0
Grading_Date_March_14th_2016,0.0
Grading_Date_May_30th_2013,0.0
Grading_Date_May_11th_2017,0.0
Grading_Date_May_12th_2011,0.0
Grading_Date_May_12th_2014,0.0
Grading_Date_May_12th_2015,0.0
Grading_Date_May_12th_2017,0.0
Grading_Date_May_13th_2014,0.0
Grading_Date_May_16th_2014,0.0
Grading_Date_May_16th_2016,0.0
Grading_Date_May_17th_2010,0.0
Grading_Date_May_18th_2010,0.0
Grading_Date_May_18th_2016,0.0
Grading_Date_May_18th_2017,0.0
Grading_Date_May_19th_2015,0.0
Grading_Date_May_19th_2016,0.0
Grading_Date_May_29th_2013,0.0
Grading_Date_May_20th_2013,0.0
Grading_Date_May_21st_2013,0.0
Grading_Date_May_22nd_2012,0.0
Grading_Date_May_22nd_2015,0.0
Grading_Date_May_22nd_2017,0.0
Grading_Date_May_23rd_2012,0.0
Grading_Date_May_28th_2015,0.0
Grading_Date_May_23rd_2016,0.0
Grading_Date_May_24th_2010,0.0
Grading_Date_May_24th_2012,0.0
Grading_Date_May_24th_2013,0.0
Grading_Date_May_26th_2010,0.0
Grading_Date_May_26th_2014,0.0
Grading_Date_May_26th_2015,0.0
Grading_Date_May_10th_2017,0.0
Grading_Date_July_28th_2014,0.0
Grading_Date_May_10th_2013,0.0
Grading_Date_March_8th_2017,0.0
Grading_Date_March_15th_2011,0.0
Grading_Date_March_15th_2013,0.0
Grading_Date_March_15th_2016,0.0
Grading_Date_March_16th_2016,0.0
Grading_Date_March_17th_2016,0.0
Grading_Date_March_18th_2014,0.0
Grading_Date_March_19th_2012,0.0
Grading_Date_March_20th_2013,0.0
Grading_Date_March_21st_2013,0.0
Grading_Date_March_21st_2014,0.0
Grading_Date_March_21st_2015,0.0
Grading_Date_March_23rd_2011,0.0
Grading_Date_March_23rd_2017,0.0
Grading_Date_March_24th_2014,0.0
Grading_Date_March_25th_2015,0.0
Grading_Date_March_25th_2016,0.0
Grading_Date_March_26th_2012,0.0
Grading_Date_March_26th_2015,0.0
Grading_Date_March_27th_2014,0.0
Grading_Date_March_27th_2015,0.0
Grading_Date_March_29th_2016,0.0
Grading_Date_March_2nd_2013,0.0
Grading_Date_March_31st_2014,0.0
Grading_Date_March_31st_2015,0.0
Grading_Date_May_2nd_2013,0.0
Grading_Date_March_4th_2013,0.0
Grading_Date_March_5th_2014,0.0
Grading_Date_March_8th_2011,0.0
Grading_Date_March_8th_2013,0.0
Grading_Date_March_9th_2011,0.0
Grading_Date_August_9th_2016,0.0
Grading_Date_July_27th_2017,0.0
Grading_Date_July_26th_2013,0.0
Grading_Date_November_23rd_2014,0.0
Grading_Date_February_23rd_2016,0.0
Grading_Date_February_24th_2011,0.0
Grading_Date_February_25th_2014,0.0
Grading_Date_February_25th_2016,0.0
Grading_Date_February_26th_2013,0.0
Grading_Date_February_26th_2016,0.0
Grading_Date_February_27th_2013,0.0
Grading_Date_November_22nd_2013,0.0
Grading_Date_February_27th_2015,0.0
Grading_Date_February_29th_2012,0.0
Grading_Date_February_3rd_2015,0.0
Grading_Date_February_3rd_2016,0.0
Grading_Date_February_22nd_2012,0.0
Grading_Date_November_20th_2015,0.0
Grading_Date_February_6th_2014,0.0
Grading_Date_February_6th_2017,0.0
Grading_Date_February_7th_2013,0.0
Grading_Date_February_7th_2014,0.0
Grading_Date_February_8th_2012,0.0
Grading_Date_February_9th_2012,0.0
Grading_Date_January_10th_2017,0.0
Grading_Date_November_19th_2015,0.0
Grading_Date_November_17th_2015,0.0
Grading_Date_January_13th_2015,0.0
Grading_Date_January_14th_2014,0.0
Grading_Date_November_16th_2011,0.0
Grading_Date_January_16th_2017,0.0
Grading_Date_February_5th_2014,0.0
Grading_Date_November_26th_2012,0.0
Grading_Date_November_27th_2015,0.0
Grading_Date_February_20th_2015,0.0
Grading_Date_November_8th_2016,0.0
Grading_Date_December_12th_2013,0.0
Grading_Date_November_7th_2015,0.0
Grading_Date_December_16th_2014,0.0
Grading_Date_November_7th_2014,0.0
Grading_Date_November_7th_2013,0.0
Grading_Date_December_1st_2011,0.0
Grading_Date_December_20th_2013,0.0
Grading_Date_November_5th_2014,0.0
Grading_Date_December_21st_2015,0.0
Grading_Date_December_23rd_2011,0.0
Grading_Date_December_26th_2013__1,0.0
Grading_Date_December_27th_2010,0.0
Grading_Date_December_27th_2013,0.0
Grading_Date_November_3rd_2017,0.0
Grading_Date_December_28th_2016,0.0
Grading_Date_December_6th_2013,0.0
Grading_Date_December_8th_2017,0.0
Grading_Date_November_3rd_2015,0.0
Grading_Date_February_13th_2012,0.0
Grading_Date_February_13th_2013,0.0
Grading_Date_May_27th_2014,0.0
Grading_Date_February_14th_2014,0.0
Grading_Date_February_15th_2015,0.0
Grading_Date_February_16th_2012,0.0
Grading_Date_February_16th_2016,0.0
Grading_Date_February_17th_2017,0.0
Grading_Date_February_18th_2014,0.0
Grading_Date_February_1st_2012,0.0
Grading_Date_January_17th_2014,0.0
Grading_Date_January_19th_2017,0.0
Grading_Date_January_19th_2018,0.0
Grading_Date_January_20th_2014,0.0
Grading_Date_January_8th_2014,0.0
Grading_Date_January_8th_2015,0.0
Grading_Date_January_9th_2012,0.0
Grading_Date_January_9th_2013,0.0
Grading_Date_July_10th_2013,0.0
Grading_Date_May_9th_2013,0.0
Grading_Date_July_14th_2015,0.0
Grading_Date_May_7th_2016,0.0
Grading_Date_July_16th_2012,0.0
Grading_Date_May_7th_2015,0.0
Grading_Date_July_16th_2014,0.0
Grading_Date_July_17th_2012,0.0
Grading_Date_July_17th_2013,0.0
Grading_Date_May_7th_2013,0.0
Grading_Date_July_18th_2016,0.0
Grading_Date_July_19th_2011,0.0
Grading_Date_July_19th_2013,0.0
Grading_Date_July_20th_2012,0.0
Grading_Date_July_20th_2015,0.0
Grading_Date_July_21st_2014,0.0
Grading_Date_July_21st_2015,0.0
Grading_Date_July_21st_2016,0.0
Grading_Date_July_22nd_2014,0.0
Grading_Date_July_22nd_2016,0.0
Grading_Date_July_23rd_2010,0.0
Grading_Date_July_23rd_2015,0.0
Grading_Date_July_24th_2017,0.0
Grading_Date_July_25th_2012,0.0
Grading_Date_May_6th_2015,0.0
Grading_Date_January_8th_2013,0.0
Grading_Date_July_27th_2012,0.0
Grading_Date_January_6th_2015,0.0
Grading_Date_January_5th_2012,0.0
Grading_Date_January_20th_2015,0.0
Grading_Date_November_15th_2017__1,0.0
Grading_Date_January_21st_2013,0.0
Grading_Date_January_21st_2014,0.0
Grading_Date_January_21st_2016,0.0
Grading_Date_January_22nd_2013,0.0
Grading_Date_January_22nd_2014,0.0
Grading_Date_January_22nd_2015,0.0
Grading_Date_January_22nd_2016,0.0
Grading_Date_November_11th_2010,0.0
Grading_Date_January_23rd_2014,0.0
Grading_Date_May_9th_2017,0.0
Grading_Date_January_24th_2014,0.0
Grading_Date_January_25th_2011,0.0
Grading_Date_January_25th_2012,0.0
Grading_Date_January_25th_2016,0.0
Grading_Date_January_26th_2015,0.0
Grading_Date_January_27th_2014,0.0
Grading_Date_January_28th_2011,0.0
Grading_Date_January_28th_2014,0.0
Grading_Date_January_29th_2013,0.0
Grading_Date_January_2nd_2014,0.0
Grading_Date_January_2nd_2015,0.0
Grading_Date_January_30th_2017,0.0
Grading_Date_May_9th_2014,0.0
Grading_Date_January_31st_2014,0.0
Grading_Date_January_3rd_2012,0.0
Grading_Date_January_3rd_2014,0.0
Grading_Date_January_4th_2011,0.0
Grading_Date_January_6th_2012,0.0
Region_la_yerbabuena,0.0
Region_leye_alishan_township_chiayi_county,0.0
Region_la_reforma_san_marcos,0.0
Mill_finca_la_ordu_a_coatepec_ver,0.0
Mill_finca_las_nieves,0.0
Mill_finca_los_barreales,0.0
Mill_finca_mata_larga,0.0
Mill_finca_santa_clara_localidad_de_zona_del_bul_san_pedro_pochutla_oaxaca,0.0
Mill_florencia,0.0
Mill_gao_chun_fang,0.0
Mill_genius_coffee_estate,0.0
Mill_green_beans,0.0
Mill_gudmale,0.0
Mill_gumutindo,0.0
Mill_guo_cun_nong_yuan,0.0
Mill_guo_xin_ka_fei,0.0
Mill_guoxing_farm_coffee,0.0
Mill_hacienda_alto_grande,0.0
Mill_hacienda_la_esmeralda,0.0
Mill_hand_peeled,0.0
Mill_hani,0.0
Mill_huatusco,0.0
Mill_hulling_facility,0.0
Mill_humedo_finca_santo_tomas_pachuj_y_seco_beneficio_palinsa,0.0
Mill_hustusco,0.0
Mill_hvc,0.0
Mill_ibero,0.0
Mill_iliatenco_guerrero,0.0
Mill_internacional_armazens_gerais,0.0
Mill_ixchel,0.0
Mill_finca_la_fortuna,0.0
Mill_finca_jamaica_san_gabriel_mixtepec_juquila_oaxaca,0.0
Mill_finca_hamburgo,0.0
Mill_finca_camila,0.0
Mill_el_borbollon,0.0
Mill_el_chipoco_municipio_de_tlanchinol,0.0
Mill_el_desmoronado,0.0
Mill_el_injerto_s_a,0.0
Mill_el_mavodo,0.0
Mill_el_mirador,0.0
Mill_el_morito,0.0
Mill_el_olvido_zentla_veracruz,0.0
Mill_el_pacayal_amatenango_de_la_frontera_chiapas,0.0
Mill_el_patalillo,0.0
Variety_Sulawesi,0.0
Mill_el_regadito,0.0
Mill_el_regalito,0.0
Mill_j_j_borja_nathan,0.0
Mill_el_romnace_azul_rio_verde,0.0
Mill_elida_estate,0.0
Mill_en_ahuatitlan,0.0
Mill_en_cortado_beneficiado_y_secado_por_el_productor,0.0
Mill_en_coyula,0.0
Mill_en_el_plan_de_guadalupe,0.0
Mill_en_el_progreso,0.0
Mill_en_santa_maria_temaxcalapa,0.0
Mill_ephemera_traders,0.0
Mill_exportadora_atlantic_sa_pp_condega,0.0
Mill_exportadora_caf_california,0.0
Mill_f_i_e_c_h,0.0
Mill_falcafe_s_a_de_c_v,0.0
Mill_faysal_abamecha_processing_plant_at_yebu_town,0.0
Mill_el_tesoro,0.0
Mill_jacob_s_estate,0.0
Mill_jia_jia_coffee,0.0
Mill_jing_jing_caf,0.0
Region_la_yerba,0.0
Mill_micro_beneficio_la_caba_a_javier_meza,0.0
Mill_mmm,0.0
Mill_mojiang_jinggong_estate_speciality_development_co_ltd_mill,0.0
Mill_mondul_coffee_estate,0.0
Mill_monte_blanco,0.0
Mill_moplaco,0.0
Mill_mu_he_zi_coffee,0.0
Mill_municipio_monte_cristo_de_guerrero_chiapasmunicipio_monte_cristo_de_guerrero,0.0
Mill_mzuzu_coffee_coop_union,0.0
Mill_ngila_estate_ltd,0.0
Mill_ngorogoro_convenant_estate,0.0
Mill_nile_highland_arabica_coffee_farmers,0.0
Mill_menglian_mang_pan_professional_cooperative,0.0
Mill_nitin_coffee_estate,0.0
Variety_Moka_Peaberry,0.0
Mill_nyapea,0.0
Mill_olam,0.0
Mill_olam_honduras,0.0
Mill_only_dry_mill,0.0
Mill_organizacion_union_de_ejidos_adolfo_lopez_mateos,0.0
Mill_pacho_viejo,0.0
Mill_palinsa_beneficiado_seco_santo_tomas_pachuj_beneficiado_humedo,0.0
Variety_Marigojipe,0.0
Mill_pasto,0.0
Mill_pe_a_campana,0.0
Mill_planta_procesadora_sebaco,0.0
Mill_popay_n,0.0
Mill_nkg_coffee_mills,0.0
Mill_echo_coffee_mill,0.0
Mill_menglian_county_nayun_town_mangzhang_coffee_farm,0.0
Mill_mecatl_n_veracruz,0.0
Mill_ka_vulungan_coffee_estate,0.0
Mill_kabum_trading_company,0.0
Mill_kalugmanan_agri_development_corp,0.0
Mill_karatu_estate,0.0
Mill_kerchanshe,0.0
Mill_kiriyama_washing_station,0.0
Mill_kongoni_estate,0.0
Mill_kucofa_farmers_group,0.0
Mill_kyagalanyi_coffee_ltd,0.0
Mill_la_concordia_chiapas,0.0
Mill_la_conquista,0.0
Mill_la_distancia,0.0
Mill_la_esperanza_municipio_juchique_de_ferrer_veracruz,0.0
Mill_menglian_ban_an_coffee_processing_factory,0.0
Mill_la_eva,0.0
Mill_la_laja_pinillos_veracruz,0.0
Mill_la_tejeria,0.0
Mill_la_yerba,0.0
Mill_linda_vista,0.0
Mill_llano_hermoso_xochitonalco_huautla_oaxaca,0.0
Mill_local_made,0.0
Mill_los_angeles_micro_mill,0.0
Mill_los_barreales_teocelo_veracruz,0.0
Mill_los_pinoslos_pinos,0.0
Mill_m10,0.0
Mill_matsuzawa_coffee,0.0
Mill_mazatepec_tlatlauquitepec_puebla,0.0
Mill_mcomafa,0.0
Mill_la_herradura,0.0
Mill_premium_grade_a,0.0
Mill_ecc_beneficio_veracruz,0.0
Variety_Sumatra,0.0
Mill_armazens_gerais_cocarive,0.0
Mill_arroyo_triste_arroyo_triste_san_jose_vista_hermosa,0.0
Mill_arusha,0.0
Mill_aspinwall_co_ltd_mangalore,0.0
Mill_at_site_and_addis_ababa,0.0
Mill_bai_he_lin_coffee,0.0
Mill_baijiada_coffee_farm,0.0
Mill_baishengcun_coffee,0.0
Mill_baroida,0.0
Mill_bcu,0.0
Mill_beneficio_atlantic_planta_procedora_condega,0.0
Mill_beneficio_atlantic_sebaco,0.0
Mill_beneficio_cafetaleros_del_arrayanal,0.0
Mill_beneficio_casa_ruiz_s_a,0.0
Mill_beneficio_cuzcachapa,0.0
Mill_beneficio_de_cafetaleros_el_remudadero_s_p_r_de_r_l,0.0
Mill_beneficio_de_caf_tecoxolco_s_de_r_l_de_c_v,0.0
Mill_beneficio_dos_puentes,0.0
Mill_beneficio_el_grande,0.0
Mill_beneficio_el_morito,0.0
Mill_beneficio_humedo,0.0
Mill_beneficio_la_igualdad,0.0
Mill_beneficio_las_brisas,0.0
Mill_beneficio_las_tres_puertas,0.0
Mill_beneficio_nueva_granada,0.0
Mill_beneficio_palinsa,0.0
Mill_beneficio_san_diego,0.0
Mill_aricha_coop,0.0
Mill_apollo_estate,0.0
Mill_apollo_co_ltd,0.0
Mill_antioquia,0.0
Certification_Body_Torch_Coffee_Lab_Yunnan,0.0
Certification_Body_Tanzanian_Coffee_Board,0.0
Certification_Body_Specialty_Coffee_Institute_of_Asia,0.0
Country_of_Origin_Burundi,0.0
Country_of_Origin_Cote_d_Ivoire,0.0
Country_of_Origin_Ecuador,0.0
Country_of_Origin_Haiti,0.0
Country_of_Origin_India,0.0
Country_of_Origin_Japan,0.0
Certification_Body_Central_De_Organizaciones_Productoras_De_Caf_y_Cacao_Del_Per_Central_Caf_Cacao,0.0
Country_of_Origin_Mauritius,0.0
Certification_Body_Blossom_Valley_International__1,0.0
Country_of_Origin_Papua_New_Guinea,0.0
Mill_beneficio_san_fernando,0.0
Country_of_Origin_Philippines,0.0
Country_of_Origin_United_States_Puerto_Rico,0.0
Country_of_Origin_Vietnam,0.0
Country_of_Origin_Zambia,0.0
Mill_a_shu_she_coffee,0.0
Mill_ac_la_laja_sa_de_cv,0.0
Mill_ada_farm,0.0
Mill_agroindustrias_unidas_de_mexico,0.0
Certification_Body_Asociaci_n_Mexicana_De_Caf_s_y_Cafeter_as_De_Especialidad_A_C,0.0
Mill_alicia_s_farm,0.0
Mill_alishan_zou_zhu_yuan,0.0
Mill_amkeni_gourmet_coffee_group,0.0
Mill_amsa_tuxtla,0.0
Mill_angel_albino_corzo_chiapas,0.0
Country_of_Origin_Rwanda,0.0
Mill_beneficio_santa_rosa_s_a,0.0
Mill_beneficio_seco_de_cafe_de_la_soc_coop_tzotzilotic_tzobolotic_scl,0.0
Mill_beneficio_soppexcca,0.0
Mill_ckcm_nkg,0.0
Mill_cnra_station_of_divo,0.0
Mill_coffee_business_center_cbc_dry_mill,0.0
Mill_cohorsil,0.0
Mill_comitla,0.0
Mill_comunidad_de_sac_n_palma_municipio_de_chil_n_chiapas,0.0
Mill_concepcion,0.0
Mill_coocafe_r_l,0.0
Mill_coop_hoja_blanca_fedecocagua,0.0
Mill_coopeagri,0.0
Mill_cooperative_agro_industrielle_de_marmela,0.0
Mill_coopetarraz,0.0
Mill_copag_varginha_mg,0.0
Mill_ckcm,0.0
Mill_copag_armaz_ns_gerais_ltda,0.0
Mill_corral_del_diablo_lote_1,0.0
Mill_corta_pico_balbino_ramirez,0.0
Mill_cosautlan_de_carvajal_veracruz_m_xico,0.0
Mill_cruz_verde,0.0
Mill_cuauhtemoc_321_col_trinidad_de_las_huertas,0.0
Variety_Sumatra_Lintong,0.0
Mill_dongshan_gaoyuan_village_chief_manor_coffee_tainan_taiwan,0.0
Mill_dos_puentes_de_finca_kassandra,0.0
Mill_dragon_coffee,0.0
Mill_dragon_coffee__1,0.0
Mill_drima_zede,0.0
Mill_dry_hull,0.0
Mill_dry_in_solar_beds,0.0
Mill_cordoba_ver,0.0
Mill_ecc,0.0
Mill_cigrah,0.0
Mill_carapina_armazens_gerais,0.0
Mill_beneficio_valparaiso,0.0
Mill_bener_meriah_gayo,0.0
Mill_bi_yun_si_shi_yi,0.0
Mill_bogota,0.0
Mill_bogota_bachue,0.0
Mill_bonanza_armenia,0.0
Mill_bucaramanga,0.0
Mill_buenas_vista_municipio_de_san_bartolo_tutotepec,0.0
Mill_bukonzo_joint_cfs,0.0
Mill_bulamburi_coffee_farmers,0.0
Mill_burka_coffee_estates,0.0
Mill_burka_gudina,0.0
Mill_c_p_w_e,0.0
Mill_chang_yu_liang,0.0
Mill_cafeco_3,0.0
Mill_cafes_tomari_sa_de_cv,0.0
Mill_cafetal_el_equimite_rancho_agroecol_gico,0.0
Mill_cafetal_la_ordu_a,0.0
Mill_cafetal_santa_maria,0.0
Mill_cafetal_sinai,0.0
Mill_cafetalera_aquiares,0.0
Mill_cafetalera_la_cuchilla,0.0
Mill_cafetaleros_de_la_yerbabuena_spr_de_rl,0.0
Mill_cafex,0.0
Mill_cafico,0.0
Mill_caf_do_para_so,0.0
Mill_caf_don_balbino,0.0
Mill_carapina,0.0
Mill_cafes_de_naranjal_s_a_de_c_v,0.0
Mill_procesadora_del_sur_sa,0.0
Mill_metad_plc,0.0
Mill_productos_organicos_de_canoas_spr_de_rl,0.0
Region_blida_kercha_guji_oromia,0.0
Region_bondowoso,0.0
Region_brunca,0.0
Region_bukidnon_mindanao_philppines,0.0
Region_cacahuatique,0.0
Region_cajamarca,0.0
Grading_Date_September_7th_2015,0.0
Grading_Date_September_7th_2011,0.0
Region_canoas,0.0
Grading_Date_September_7th_2010,0.0
Region_central_region,0.0
Grading_Date_September_5th_2013,0.0
Grading_Date_September_4th_2017,0.0
Region_cerrado_monte_carmelo_minas_gerais,0.0
Region_chamarel_south_west,0.0
Region_changhua_baguashan,0.0
Region_chapad_o_de_ferro_cerrado_mineiro,0.0
Region_chapulhuacan_hidalgo,0.0
Region_chiang_rai,0.0
Region_chiang_rai_thailand,0.0
Region_chiangrai,0.0
Region_chiapas_jaltenango,0.0
Region_chiayi_alishan,0.0
Region_chickmangalore,0.0
Region_chil_n,0.0
Region_chuva_san_marcos,0.0
Region_cnra_station_of_divo,0.0
Region_blend,0.0
Grading_Date_September_4th_2014,0.0
Region_berastagi,0.0
Region_baihe_dist_tainan_city,0.0
Mill__1,0.0
Mill__2,0.0
Mill__3,0.0
Mill__4,0.0
Mill_hoe_vs_flower_coffee_farm,0.0
Mill__5,0.0
Mill__6,0.0
Mill__7,0.0
Mill__8,0.0
Mill_lin_yuan_coffee,0.0
Mill__9,0.0
Mill__10,0.0
Mill__11,0.0
Grading_Date_September_8th_2017,0.0
Region_aceh,0.0
Region_aceh_gayo,0.0
Region_ada_okinawa_japan,0.0
Region_addis_ababa,0.0
Region_adolfo_lopez_mateos,0.0
Region_alta_paulista_sao_paulo,0.0
Region_amatenango_de_la_frontera,0.0
Region_aricha,0.0
Region_arusha_meru,0.0
Region_asia_pacific,0.0
Region_atitlan,0.0
Variety_Mandheling,0.0
Region_atoyac_de_alvarez,0.0
Region_bener_meriah,0.0
Mill,0.0
Region_coatepec_coatepec,0.0
Region_colima,0.0
Region_huautla_de_jimenez,0.0
Grading_Date_September_2nd_2010,0.0
Grading_Date_September_29th_2015,0.0
Region_huila_supremo,0.0
Region_ijen,0.0
Region_ikand_village,0.0
Region_iliatenco_guerrero,0.0
Grading_Date_September_28th_2017,0.0
Region_indonesia,0.0
Region_iwala_village_mbeya_rural,0.0
Region_jalapa,0.0
Region_juchique_de_ferrer,0.0
Region_juquila,0.0
Region_kakoma,0.0
Region_kapchorwa_eastern,0.0
Region_karatu_ngorogoro,0.0
Region_karatu_northern,0.0
Region_kasese,0.0
Region_kasese_mt_rwenzori,0.0
Region_kayanza,0.0
Region_kefa_zone_gimbo_distict_at_a_place_called_woka_araba_south_west_ethiopia,0.0
Region_kenya,0.0
Region_kiambu,0.0
Grading_Date_September_27th_2017,0.0
Grading_Date_September_23rd_2013,0.0
Grading_Date_September_22nd_2011,0.0
Grading_Date_September_21st_2016,0.0
Region_huanuco,0.0
Region_cofradia_de_suchitlan,0.0
Region_haiti,0.0
Region_guinope_el_para_so,0.0
Region_comayagua_honduras,0.0
Region_cordoba,0.0
Region_corillera_administrative,0.0
Region_coscomatepec,0.0
Region_costa_rica,0.0
Region_cuarente_o,0.0
Region_dala,0.0
Region_dipilto_nueva_segovia,0.0
Region_doi_chaang_village_chiang_rai_thialand,0.0
Region_dolok_sanggul,0.0
Region_don_duong,0.0
Region_dongshan_dist_tainan_city,0.0
Region_east_java,0.0
Region_eastern_highlands_province,0.0
Region_eje_cafetero,0.0
Grading_Date_September_3rd_2013,0.0
Region_el_desmoronado_talpan_de_allende_jalisco,0.0
Region_el_para_so,0.0
Region_el_progreso,0.0
Region_el_tumbador_san_marcos,0.0
Region_ethiopia_sidamo,0.0
Region_fln_mirador,0.0
Region_fort_n_de_las_flores,0.0
Region_gedio,0.0
Region_gicumbi,0.0
Region_grama_valley,0.0
Grading_Date_September_3rd_2010,0.0
Region_guji_hambela,0.0
Mill_zhuo_wu_shan_coffee,0.0
Grading_Date_May_28th_2014,0.0
Mill_sogestal_mumirwa,0.0
Mill_selian_coffee_estate,0.0
Mill_seid_damtew_coffee_export_and_plantation,0.0
Mill_tropica_galliard,0.0
Mill_sasini_mills_thika_cofee_mills,0.0
Mill_sasini_mills,0.0
Mill_sasini_kofinaf_mills,0.0
Mill_tsoustructive_garden,0.0
Mill_trilladora_picale_a,0.0
Mill_sasini,0.0
Mill_sapan_toraja,0.0
Mill_tulla_coffee_farm,0.0
Mill_santa_maria_temaxcalapa,0.0
Mill_tutunze_kahawa_ltd,0.0
Mill_santa_maria_siltepec,0.0
Variety_Ethiopian_Yirgacheffe,0.0
Mill_san_pedro_cotzilnam_municipio_de_aldama_chiapas,0.0
Mill_sarimakmur,0.0
Mill_several_coricafe_dry_mill,0.0
Mill_trilladora_europa,0.0
Mill_shah_plantation,0.0
Mill_tlavictepan_huatusco,0.0
Mill_tokoffee,0.0
Mill_tepictla_y_xalapa_veracruz,0.0
Variety_Ethiopian_Heirlooms,0.0
Mill_triladora_bonanza,0.0
Mill_tapachula_chiapas,0.0
Mill_triladora_bonanza_armenia,0.0
Mill_taiwan_hao_ka,0.0
Mill_sunshine_valley_estate,0.0
Mill_spot,0.0
Mill_song_yue_coffee,0.0
Mill_soc_coop_de_caf_de_ciudad_barrios_de_r_l,0.0
Mill_shwe_yin_mar,0.0
Mill_shi_fang_yuan,0.0
Mill_sheng_he_shang_pin_coffee,0.0
Mill_trilladora_bonanza_armenia_quindio,0.0
Mill_shangrilla_estate_ltd,0.0
Mill_the_beneficio_is_designed_to_be_ecologic,0.0
Mill_san_jos_y_el_portillo,0.0
Mill_san_miguel,0.0
Mill_tuxpal,0.0
Variety_Gesha,0.0
Mill_pu_er_specialty_coffee_cupping_center,0.0
Grading_Date_September_9th_2016,0.0
Mill_xu_yuan_zhang,0.0
Mill_yajalon_chiapas,0.0
Mill_yes,0.0
Mill_you_siang_coffee_farmtainan_taiwan,0.0
Mill_worka,0.0
Mill_yu_jin_gui,0.0
Mill_yun_lan_coffee_co_ltd_mill,0.0
Mill_yunnan_louis_herbs_r_d_center,0.0
Mill_zapotitlan_de_mendez_puebla,0.0
Mill_pu_er_lingdu_yunlin_coffee_co_ltd_mill,0.0
Mill_pt_menacom,0.0
Mill_zaragoza_montelibano_pamal_navil,0.0
Mill_zhang_li_hong_coffee,0.0
Mill_puer_jiangcheng_fuwang_coffee_biotechnology_co_ltd,0.0
Mill_rancho_vigia,0.0
Mill_rancho_los_laureles,0.0
Mill_tlamatoca_hutusco_ver,0.0
Mill_wolensu,0.0
Mill_rio_jorco,0.0
Mill_sac_n_palma,0.0
Mill_villa_talea_de_castro_oaxaca,0.0
Mill_ugacof,0.0
Variety_Blue_Mountain,0.0
Mill_sagana,0.0
Mill_via_seca,0.0
Mill_utcam_usine_traitement_cafe_marmelade,0.0
Mill_rio_hamaca,0.0
Mill_san_carlos,0.0
Mill_san_diego_buena_vista,0.0
Mill_san_jos_neiva,0.0
Mill_san_fernando_chiapas,0.0
Mill_various_smallholders_wet_mills,0.0
Region_temaxcalapa,2.2204460492503132e-17
Grading_Date_April_3rd_2014,6.661338147750939e-17
Region_meru,6.661338147750939e-17
Mill_en_chiatipan_municipio_de_huazalingo,6.661338147750939e-17
Mill_canoa_manzanillo,6.661338147750939e-17
Mill_17_18,8.881784197001253e-17
Mill_exclusive_coffees_s_a,8.881784197001253e-17
Grading_Date_February_13th_2015,1.1102230246251565e-16
Mill_dry,1.1102230246251565e-16
Region_high_mogiana,1.1102230246251565e-16
Mill_j_hill_y_cia,1.1102230246251565e-16
Grading_Date_August_20th_2012,1.3322676295501878e-16
Grading_Date_December_3rd_2015,1.554312234475219e-16
Country_of_Origin_Unknown,2.886579864025407e-16
Grading_Date_January_29th_2015,3.3306690738754696e-16
Grading_Date_October_1st_2014,3.3306690738754696e-16
Grading_Date_May_22nd_2014,4.440892098500626e-16
Mill_garca_armazens,4.440892098500626e-16
Region_aldea_xeucalvitz_ixil_region_quiche_department,6.661338147750939e-16
Mill_juanana_coffee_association,9.992007221626409e-16
Region_central_america,9.992007221626409e-16
Grading_Date_January_13th_2012,2.4724930260955347e-06
Region_veracruz,3.824680883157683e-06
Region_comayagua,4.175283250364981e-05
Grading_Date_December_26th_2013,6.601617967973982e-05
Grading_Date_March_7th_2014,0.0002402249890702146
In_Country_Partner_Africa_Fine_Coffee_Association,0.000263621641080225
Region_yirgacheffe,0.0002991024670368159
Mill_trilladora_boananza,0.00037434289575768445
Country_of_Origin_Indonesia,0.0004066070012671119
Certification_Body_Africa_Fine_Coffee_Association,0.0004340237253022128
Grading_Date_September_13th_2012,0.00048554999670349377
Grading_Date_July_3rd_2012,0.0006332255198918224
Grading_Date_June_30th_2014,0.0007047723406238493
Country_of_Origin_Tanzania_United_Republic_Of,0.0008361531708107606
Variety_SL14,0.0011861161543460508
Certification_Body_Kenya_Coffee_Traders_Association,0.0012244488422897826
Processing_Method_Other,0.001226666840038404
In_Country_Partner_Uganda_Coffee_Development_Authority,0.0012584458227556494
Region_acatenango,0.0013485132918390707
Number_of_Bags,0.0013516410013740376
Grading_Date_March_5th_2012,0.0014090253325227398
Region_eastern,0.0014291605890461856
Grading_Date_September_10th_2012,0.0015839219635972678
Certification_Body_Uganda_Coffee_Development_Authority,0.0017297042484418102
Mill_amsa_oaxaca,0.0017909338031639964
Mill_zaragoza_itundujia_oaxaca,0.002016402396515993
Country_of_Origin_Thailand,0.002022090081876837
Region_chiapas,0.0020877305817082136
In_Country_Partner_Asociacion_Nacional_Del_Caf,0.0021109114386837825
Region_cundinamarca,0.002155037149589778
Grading_Date_August_3rd_2017,0.002166725213199938
In_Country_Partner_Kenya_Coffee_Traders_Association,0.0021761384273390138
Region_boquete,0.0022236706091804726
Region_marcala,0.002263053848224805
Mill_beneficio_atlantic_condega,0.002264095835972002
Region_tarrazu,0.0022641752908253874
Country_of_Origin_Peru,0.0023603692064472883
Certification_Body_Brazil_Specialty_Coffee_Association,0.0023719391254323208
Country_of_Origin_Panama,0.002471841286635401
Grading_Date_March_12th_2013,0.0025278628580953423
Variety_Ruiru_11,0.002553572984562891
Certification_Body_Asociacion_Nacional_Del_Caf,0.002584104558731215
Mill_bachue,0.002678649562703117
Region_nuevo_oriente,0.002704540443839232
Country_of_Origin_Malawi,0.002791900095511712
Variety_Other,0.002828078743014917
Grading_Date_November_29th_2010,0.002833702922143533
Grading_Date_July_2nd_2012,0.0028526298908700953
Mill_cadexsa,0.002876213158829621
Grading_Date_June_9th_2014,0.0028941680101453706
Variety_Catuai,0.0029687974644943883
Region_huehuetenango,0.0031100467589847635
Grading_Date_February_1st_2011,0.003139022861204377
Region_arusha,0.003144333268074262
Country_of_Origin_Uganda,0.003195403107273909
In_Country_Partner_Brazil_Specialty_Coffee_Association,0.0033221340793802233
Grading_Date_April_30th_2012,0.003334612218420618
Mill_beneficio_ixchel,0.0035566832740938415
Region_karatu_arusha,0.003638359182479678
Region_ywar_ngan,0.0036537495499088025
Region_south_of_minas,0.003708717350606583
Variety_Pacas,0.0038716547387060317
Variety_Yellow_Bourbon,0.003923861882155877
Certification_Body_Specialty_Coffee_Association_of_Indonesia,0.004138187566521756
Processing_Method_Semi_washed_Semi_pulped,0.004225990341839991
Mill_pt_perkebunan_nusantara_xii,0.004234804906323819
In_Country_Partner_Specialty_Coffee_Association_of_Indonesia,0.004265461993020403
Grading_Date_April_19th_2013,0.004385524843789845
Country_of_Origin_China,0.004514129089905517
Grading_Date_November_4th_2014,0.004518741542231442
Mill_doi_tung_development_project,0.0049059796163887
Grading_Date_February_15th_2017,0.0052983801078093865
Mill_kawacom,0.0053738614229416285
Mill_cocarive,0.005379828766651329
Region_pochutla,0.005447249796188602
Country_of_Origin_United_States_Hawaii,0.005466255495742445
Mill_neiva,0.005467274581061621
Coffee_Age,0.0055219777191577
Grading_Date_December_12th_2014,0.005548856949900016
Grading_Date_April_8th_2014,0.005553473201906756
Mill_rafiki_coffee_limited,0.005699950655017804
Region_santander,0.005794179150046231
Region_carmo_de_minas,0.00588611556899814
Grading_Date_April_12th_2012,0.0058887779062619435
Mill_cartago,0.006000373373863654
Grading_Date_June_6th_2012,0.006122685990838472
In_Country_Partner_Blossom_Valley_International,0.0063706397633196635
Region_thailand,0.006637177519926052
Grading_Date_May_31st_2010,0.006833782206641148
Region_tapachula,0.006874152604759276
Certification_Body_Salvadoran_Coffee_Council,0.006952228844233366
In_Country_Partner_Salvadoran_Coffee_Council,0.00696371971912908
Grading_Date_April_7th_2016,0.007156644230778953
Variety_Peaberry,0.007161936904250621
Grading_Date_February_9th_2011,0.007512917420015008
Grading_Date_April_6th_2016,0.007773991865632879
Mill_beneficio_exportacafe_agua_santa,0.007978793596604139
Region_bali,0.008020119588521113
Grading_Date_March_16th_2012,0.00812460700535651
Certification_Body_Blossom_Valley_International,0.008152773957934855
Quakers,0.008238365938367066
Grading_Date_April_29th_2015,0.008294218531511244
Certification_Body_Yunnan_Coffee_Exchange,0.008417639229650109
Region_southern_zomba,0.008797060353574327
Mill_dae_ltd,0.00899529416376046
Grading_Date_June_24th_2014,0.009008974878397868
Grading_Date_November_16th_2015,0.009102195860194317
Mill_r_w_j_wallace_ltd,0.009114074516814586
Grading_Date_April_6th_2017,0.009150616503109799
Mill_productores_de_cafes_especiales_sc,0.009167420248567048
Country_of_Origin_El_Salvador,0.009213765970113119
In_Country_Partner_Yunnan_Coffee_Exchange,0.00921729361769692
Mill_finca_custepec,0.009437635972127411
Region_la_plata,0.009505946643506213
In_Country_Partner_Coffee_Quality_Institute,0.009545006219734153
Country_of_Origin_Myanmar,0.009731835420313906
Mill_las_americas,0.009808361494872408
Region_nari_o,0.009881628891233651
Region_yunnan,0.009987293523159458
Grading_Date_October_16th_2014,0.01010933399116407
Mill_beneficio_siembras_vision_154,0.010115401632650567
Certification_Body_Coffee_Quality_Institute,0.010130249761701359
Grading_Date_July_26th_2012,0.010165449106186174
In_Country_Partner_NUCOFFEE,0.010270971710253174
Grading_Date_March_29th_2013,0.010293837870251043
Grading_Date_June_13th_2012,0.010421039857644665
Grading_Date_July_17th_2015,0.010438015026988401
Region_central_valley,0.010662328132166499
Grading_Date_February_17th_2012,0.010721490041867465
Grading_Date_June_26th_2014,0.010791113192967484
Region_cauca,0.01121204868121839
Variety_Typica,0.011274602391071187
Mill_alcafe_s_a_de_c_v,0.011847859237020742
Mill_cafe_altura_de_san_ramon,0.011925402059364187
Mill_union_ramal_santa_cruz,0.011960355137947975
Certification_Body_NUCOFFEE,0.01202646431118264
Region_nyeri,0.012413743844170178
Grading_Date_June_5th_2015,0.012496349771249448
Region_tlacuilotepec,0.012499521493127674
Grading_Date_July_15th_2016,0.012817797029216992
Region_mbeya,0.012836114189060565
Country_of_Origin_Colombia,0.013159522706990234
Mill_cauca,0.013196584879366102
Grading_Date_June_1st_2016,0.013424707622895516
Mill_palo_blanco_tlacuilotepec_puebla,0.01344437229296811
Mill_beneficio_2000,0.01350389042188469
Grading_Date_January_11th_2018,0.013541623203256737
In_Country_Partner_Asociaci_n_de_Caf_s_Especiales_de_Nicaragua,0.01365378833858193
Mill_ipanema_comercial_e_exportadora_sa,0.013764531872305752
Region_kilimanjaro,0.013964720339421043
Mill_tembo_coffee_company_ltd,0.014100178303101197
Variety_SL34,0.014123876214109798
Grading_Date_December_28th_2015,0.01431930430354036
Certification_Body_Asociaci_n_de_Caf_s_Especiales_de_Nicaragua,0.014445728332008079
Grading_Date_May_23rd_2015,0.014602967489781515
Country_of_Origin_Kenya,0.014663160436425349
Region_la_concordia_chiapas,0.014866346230551719
Grading_Date_December_21st_2011,0.015076154976621159
Region_sul_de_minas,0.015142228660524438
Mill_beneficio_monta_as_del_diamante,0.015152102408734125
Country_of_Origin_Nicaragua,0.015180688978146261
Grading_Date_August_30th_2012,0.015333582809106483
Grading_Date_September_27th_2012,0.015481473616257535
Grading_Date_October_28th_2011,0.015757413199870073
Region_eastern_uganda,0.015821799188525287
Mill_trilladora_asia,0.016007205013821246
Region_campos_altos_cerrado,0.016083103256054533
Mill_pt_olam_indonesia,0.01611247429743339
Region_calnali_hidalgo,0.016581023053721822
Variety_Catimor,0.016645687726396675
Mill_dinamo_armazens_gerais_ltda,0.016849070739026528
Grading_Date_June_27th_2014,0.01713620921753616
Grading_Date_August_22nd_2017,0.017668077872901033
Region_sidamo,0.017693090789027276
Region_huazalingo_hidalgo,0.018224865026246095
Grading_Date_October_20th_2017,0.018264570851646254
Mill_coatepec_ver,0.018314154703478035
Region_xicotepec_de_juarez,0.018430615812887054
Grading_Date_January_20th_2017,0.01856761615261653
Region_el_balsamo_quezaltepec,0.018652746967632285
Mill_beneficio_san_carlos,0.018786858697303455
Region_norte,0.018976552483543973
Grading_Date_April_14th_2014,0.019081737432097578
Grading_Date_April_21st_2011,0.01925518607204497
In_Country_Partner_Instituto_Hondure_o_del_Caf,0.019395660180711594
Grading_Date_December_15th_2014,0.01941927987010612
Grading_Date_July_11th_2012,0.01957732722987493
Mill_xicotepec_de_juarez,0.019777389793243106
Category_Two_Defects,0.01999715603329233
Region_west_valley,0.020030209650498888
Grading_Date_October_8th_2015,0.020132488186765808
Grading_Date_December_22nd_2011,0.020146024660748198
Grading_Date_December_18th_2014,0.020212727966780662
Grading_Date_March_14th_2017,0.020462786288144953
Grading_Date_May_1st_2014,0.020509554165335574
Grading_Date_September_12th_2012,0.02054574338839741
Grading_Date_January_12th_2016,0.020831158808781593
Mill_coricafe_sa,0.02100239694626933
Region_cerrado,0.02136552379644674
Grading_Date_October_9th_2012,0.021882180734955226
Mill_trilladora_bonanza_armenia_quindioa,0.021944903144406204
Grading_Date_June_16th_2014,0.021947572653713786
Grading_Date_August_2nd_2016,0.021972661796434822
Grading_Date_December_11th_2012,0.022051908778822772
Certification_Body_Instituto_Hondure_o_del_Caf,0.022311564969311325
Mill_santa_adelaida,0.022388392852496785
Mill_great_lakes_coffee,0.022716638097917907
Grading_Date_February_13th_2017,0.022878809354037764
Grading_Date_July_16th_2013,0.023229385051629747
Grading_Date_January_15th_2015,0.023387888728936712
Grading_Date_February_4th_2014,0.02357653826617223
Grading_Date_May_8th_2017,0.024225025713947912
Region_nueva_segovia,0.024292332055571287
Mill_dry_mill,0.025055899363489863
Region_mbinga,0.025219459115831677
Grading_Date_February_27th_2014,0.02560450958411382
Grading_Date_August_16th_2011,0.025968940133292828
Mill_none,0.02691432043276083
Grading_Date_January_23rd_2012,0.02693050215286954
Mill_el_pino_cosautlan_de_carvajal,0.02746130751953173
Country_of_Origin_Mexico,0.027472172358554613
Grading_Date_February_20th_2017,0.027683350058021205
Grading_Date_April_4th_2015,0.027982378240053608
Mill_copag,0.027996108453897394
Grading_Date_August_23rd_2011,0.02802075756211011
Mill_non,0.02826544334539256
Mill_coffee_processing_and_warehouse_enterpri,0.02851081947167524
Region_la_concordia,0.02909487652882421
Region_ilomba_vilage_mbozi,0.030218628202163988
Variety_Mundo_Novo,0.031237014884261005
Grading_Date_August_2nd_2013,0.03160236000593295
Grading_Date_December_17th_2014,0.03172736965487137
Grading_Date_February_22nd_2011,0.033049719745040694
Mill_finca_quequesquez,0.033970945629459195
Grading_Date_March_3rd_2014,0.033972899581637295
Grading_Date_April_2nd_2012,0.03548911729348454
Grading_Date_February_11th_2016,0.03616652974521406
Region_mantiqueira_de_minas,0.036255804669118596
Grading_Date_January_31st_2012,0.036556428210196314
Region_coatepec,0.036628019840529616
Grading_Date_October_17th_2014,0.03676942451629235
Region_guayata,0.03740065930464378
Mill_cigrah_sps,0.039520642467112
Grading_Date_August_29th_2012,0.03962908442967361
Grading_Date_June_29th_2010,0.04132699677996736
Grading_Date_April_26th_2014,0.04177377898345911
Grading_Date_August_1st_2012,0.04359036306187876
Mill_la_majada_cooperative,0.04390237793490333
Region_santa_ana,0.04398160953705201
Region_paksong_laos,0.045015823274376456
Mill_taylor_winch_t_ltd,0.04718572297051051
Grading_Date_July_15th_2014,0.04947774447889526
Region_tuxtla_gutierrez,0.05004117138034194
Country_of_Origin_Laos,0.050556401219426686
Processing_Method_Pulped_natural_honey,0.050875105643159155
Mill_ipanema_coffees,0.052971711544593215
Region_monte_carmelo,0.05667519035397537
Grading_Date_January_24th_2013,0.05695379779430545
Grading_Date_October_15th_2014,0.06426953661471228
Grading_Date_February_23rd_2012,0.06455226306756687
Region_huila,0.06554310805492836
Region_Unknown,0.086664051927366
Body,0.1244925109436494
Aroma,0.12521347848893707
Region_limu,0.14523983197673934
Aftertaste,0.14980095460859832
Balance,0.1729067485284339
Acidity,0.187248268464763
Flavor,0.19430040777188828
Overall,0.21741665573012314
