feature,mean_importance
Grading_Date_April_12th_2012,-0.03860858777205698
Grading_Date_March_16th_2012,-0.02651101542515797
Country_of_Origin_Thailand,-0.01969894223177395
Color_Green,-0.015462654564206969
Region_coatepec_coatepec,-0.011652475893008375
Region_nueva_segovia,-0.010742856055416982
Mill_cafe_altura_de_san_ramon,-0.010384210123552885
Mill_coffee_processing_and_warehouse_enterpri,-0.009574405615319592
Mill_dry_mill,-0.009303586787680996
Region_marcala,-0.008804732512686186
Grading_Date_October_20th_2017,-0.008771325503744598
Country_of_Origin_Peru,-0.008684354968889908
Region_oriente,-0.008285170167141942
Variety_Caturra,-0.008230678745710863
Certification_Body_Almacaf,-0.007955506211930596
Mill_micro_beneficio_la_caba_a_javier_meza,-0.007902331778762695
In_Country_Partner_Almacaf,-0.007691516660890763
Certification_Body_Instituto_Hondure_o_del_Caf,-0.007647028890082263
Color_Unknown,-0.007563862845057523
In_Country_Partner_Instituto_Hondure_o_del_Caf,-0.007547924312397991
Country_of_Origin_United_States,-0.007539035741593913
Region_cundinamarca,-0.007368779965594485
Grading_Date_March_13th_2015,-0.006812926299464372
Grading_Date_February_15th_2015,-0.0067807576683284855
Country_of_Origin_Honduras,-0.006668762426563823
Variety_Other,-0.006459692638228964
Region_antioquia,-0.006430019651078455
In_Country_Partner_Asociacion_Nacional_Del_Caf,-0.006423809575871253
Region_santa_rosa,-0.006187825917698664
Mill_cigrah_s_a_de_c_v,-0.005949592628233758
Variety_Pacas,-0.005666135541533368
Region_intibuca,-0.005587691311017551
Region_campos_altos_cerrado,-0.005570221928954777
Mill_dinamo_armazens_gerais_ltda,-0.005526714884196338
Grading_Date_January_22nd_2014,-0.005524745003573894
Mill_cafes_finos_de_exportacion_s_de_r_l,-0.005400260782420174
Mill_zaragoza_itundujia_oaxaca,-0.0051283367058171155
Region_south_of_minas,-0.00504804003678132
Region_comayagua,-0.005009833770130756
Certification_Body_Brazil_Specialty_Coffee_Association,-0.004909524551095968
In_Country_Partner_Brazil_Specialty_Coffee_Association,-0.0049059739845709995
Certification_Body_Africa_Fine_Coffee_Association,-0.004699380570237399
Region_talpa_de_allende,-0.004680716858951195
Region_coatepec,-0.004458995366845487
In_Country_Partner_Africa_Fine_Coffee_Association,-0.004358878331691041
Region_chiangrai,-0.004336564718076552
Region_zaragoza_itundujia,-0.004309233338581487
Certification_Body_Specialty_Coffee_Institute_of_Asia,-0.0042661132192092
Country_of_Origin_Tanzania_United_Republic_Of,-0.004093490705986791
Grading_Date_March_5th_2012,-0.004016885112814195
Mill_trilladora_agricola,-0.003802518877572281
In_Country_Partner_Specialty_Coffee_Institute_of_Asia,-0.0037570074021957556
Country_of_Origin_Uganda,-0.0037407116113233885
Country_of_Origin_Costa_Rica,-0.0033535246428635147
Grading_Date_January_6th_2015,-0.0029688179440107154
Certification_Body_Asociacion_Nacional_Del_Caf,-0.002887839178759832
Grading_Date_March_29th_2013,-0.0024092216103361653
Mill_finca_custepec,-0.0022855110038339623
Region_sidamo,-0.002279013708868516
Grading_Date_June_17th_2010,-0.0022387845160420695
Mill_cadexsa,-0.0021813606940766393
Mill_trilladora_boananza,-0.002173286890302872
Grading_Date_September_13th_2012,-0.002151663356771283
Mill_el_desmoronado,-0.0020378174609668952
Coffee_Age,-0.001968260034239111
Region_norte,-0.0019594702491228856
Mill_Unknown,-0.001958005900555393
Certification_Body_Asociaci_n_de_Caf_s_Especiales_de_Nicaragua,-0.0019019997056869188
Region_mbeya,-0.0017513007437027106
Variety_Typica,-0.0017487162208570828
In_Country_Partner_Asociaci_n_de_Caf_s_Especiales_de_Nicaragua,-0.0017152978782343676
Mill_finca_la_fortuna,-0.0017131597786996134
Certification_Body_Ethiopia_Commodity_Exchange,-0.001564239027710368
Grading_Date_August_2nd_2016,-0.0014927199301359773
Variety_Catuai,-0.0014194756072376969
Region_la_concordia,-0.0013924190778769941
Grading_Date_December_3rd_2011,-0.0012221018867558664
Processing_Method_Other,-0.0009557016520276518
In_Country_Partner_Ethiopia_Commodity_Exchange,-0.000953411059009257
Region_motozintla_chiapas,-0.0009380794512769963
Region_veracruz,-0.0009289791012737414
Certification_Body_NUCOFFEE,-0.0009217266951647485
Region_santander,-0.0008467900409382612
Region_tarrazu,-0.0008165598278787378
Processing_Method_Semi_washed_Semi_pulped,-0.000671427954867121
In_Country_Partner_NUCOFFEE,-0.0006568227930982218
Region_huehuetenango,-0.0005521884322074345
Variety_SL28,-0.0005348556128749405
Grading_Date_February_26th_2016,-0.0005341282482815846
Grading_Date_December_26th_2013,-0.00047142782217515224
In_Country_Partner_Uganda_Coffee_Development_Authority,-0.00043856284530150445
Quakers,-0.0004206117717659774
Altitude,-0.00038607576441225256
Variety_Pacamara,-0.0003308647589055802
Certification_Body_Uganda_Coffee_Development_Authority,-0.0003168210923157222
Mill_neiva,-0.0002941944119273732
Variety_SL14,-0.00018581086764393184
Bag_Weight,-0.0001722318630973163
Region_changhua_baguashan,-6.579729334161843e-05
Country_of_Origin_United_States_Hawaii,-5.320822001142478e-05
Region_yauco_region,-4.29150887969465e-05
Region_yirgacheffe,-1.7209666401529768e-05
Mill_kona_pacific_farmers_cooperative,-5.433853451863868e-07
Mill_only_dry_mill,-1.3112237740031674e-09
Region_la_reforma_san_marcos,-1.2099887092276163e-09
Grading_Date_May_22nd_2015,-6.153226150829028e-10
Mill_tulla_coffee_farm,-5.679876347031154e-10
Mill_corta_pico_balbino_ramirez,-4.4008592325894825e-10
Mill_zapotitlan_de_mendez_puebla,-4.3663503923596634e-10
Grading_Date_February_1st_2012,-3.9280938501917716e-10
Grading_Date_February_3rd_2016,-2.5804314240929216e-10
Region_turrialba,-2.051992575857753e-10
Grading_Date_October_29th_2013,-1.8376693500243845e-10
Region_el_desmoronado_talpan_de_allende_jalisco,-1.7769512528076347e-10
Mill_cafetalera_aquiares,-1.4449954566231326e-10
Mill_cafetal_sinai,-1.3163841128260855e-10
Region_nanxi_dist_tainan_city,-1.305427099751455e-10
Grading_Date_September_20th_2016,-1.2907759305846868e-10
Grading_Date_July_26th_2013,-1.2254453007898292e-10
Mill_finca_la_ordu_a_coatepec_ver,-1.1948166900310752e-10
Mill_mcomafa,-1.1707887992429278e-10
Grading_Date_April_24th_2015,-6.346856373795617e-11
Grading_Date_March_21st_2013,-6.325808765694773e-11
Grading_Date_January_30th_2017,-6.315030720571713e-11
Region_zapotitlan_de_mendez,-5.716878082040466e-11
Grading_Date_July_27th_2017,-5.649409828833995e-11
Grading_Date_July_21st_2015,-5.521354484727681e-11
Grading_Date_January_25th_2012,-4.582383361650955e-11
Mill_antioquia,-4.573588174849874e-11
Mill_ckcm_nkg,-4.2951153744752443e-11
Region_huila_supremo,-4.139819598236727e-11
Mill_beneficio_san_diego,-3.5151148658485456e-11
Mill_pe_a_campana,-3.1007463263676985e-11
Mill_ugacof,-3.06943359618117e-11
Grading_Date_November_3rd_2015,-3.051001673526343e-11
Grading_Date_April_7th_2014,-2.643301133531395e-11
Mill_ephemera_traders,-2.22637908109391e-11
Grading_Date_July_28th_2014,-1.951672157218809e-11
Mill_el_tesoro,-1.9012769136850237e-11
Mill_j_j_borja_nathan,-1.8338308649390454e-11
Mill_xu_yuan_zhang,-1.736586430212128e-11
Region_cajamarca,-1.6601231500601444e-11
Mill_planta_procesadora_sebaco,-1.622382228561037e-11
Mill_san_pedro_cotzilnam_municipio_de_aldama_chiapas,-1.4272960591199534e-11
Grading_Date_June_11th_2015,-1.3283552036114089e-11
Grading_Date_September_1st_2017,-1.1212586414899306e-11
Region_naranjo,-1.0557132945621106e-11
Grading_Date_March_8th_2011,-8.774669879585417e-12
Region_snnprg_kafa_telo_woreda_shada_kebele,-7.60553842127365e-12
Grading_Date_April_15th_2016,-6.9763750332185735e-12
Region_kayanza,-6.8993033508490955e-12
Grading_Date_March_11th_2015,-6.409761610370879e-12
Region_san_pedro_cotzilnam,-6.358136239725809e-12
Mill_finca_mata_larga,-6.1489702218864295e-12
Region_el_para_so,-5.642086797763568e-12
Mill_gumutindo,-5.236788780393909e-12
Mill_el_morito,-4.705458245268801e-12
Grading_Date_June_10th_2014,-4.3096415325294405e-12
Grading_Date_September_23rd_2013,-4.183609014773992e-12
Grading_Date_September_19th_2017,-3.322164765506841e-12
Mill__2,-2.1336488131851184e-12
Grading_Date_July_16th_2012,-1.7721379919066749e-12
Mill_kiriyama_washing_station,-1.7231549520602129e-12
Grading_Date_July_21st_2016,-1.6661116930549724e-12
Grading_Date_May_7th_2015,-1.6124657165050848e-12
Grading_Date_April_23rd_2015,-1.123834358907061e-12
Mill_gudmale,-7.177591854201637e-13
Mill__5,-6.45616893280021e-13
Grading_Date_September_7th_2011,-5.050848628229687e-13
Mill_iliatenco_guerrero,-3.112621271839089e-13
Region_fort_n_de_las_flores,-2.892130979148533e-13
Mill__11,-1.9826362773756045e-13
Grading_Date_November_22nd_2013,-1.8045565042257295e-13
Mill,-1.795008586213953e-13
Mill_shwe_yin_mar,-9.99422766767566e-14
Grading_Date_March_5th_2014,-8.713030297258228e-14
Mill__8,-8.690825836765725e-14
Region,-4.694022948115162e-14
Region_aricha,-1.227906665235423e-14
Grading_Date_October_7th_2014,-1.127986593019159e-14
Mill_finca_santa_clara_localidad_de_zona_del_bul_san_pedro_pochutla_oaxaca,-1.1257661469699088e-14
Mill_triladora_bonanza_armenia,-6.861178292183467e-15
Grading_Date_October_1st_2013,-5.8397731095283236e-15
Region_eje_cafetero,-3.97459842815806e-15
Mill_beneficio_dos_puentes,-3.8635761256955444e-15
Mill_aricha_coop,-2.264854970235319e-15
Region_dolok_sanggul,-6.217248937900876e-16
Region_addis_ababa,-4.440892098500626e-16
Grading_Date_June_23rd_2017,-1.9984014443252818e-16
Mill_pt_menacom,-1.9984014443252818e-16
Grading_Date_May_6th_2015,-1.3322676295501878e-16
Grading_Date_May_10th_2017,-4.4408920985006264e-17
Grading_Date_December_16th_2014,0.0
Grading_Date_August_3rd_2017,0.0
Grading_Date_December_20th_2013,0.0
Grading_Date_August_5th_2016,0.0
Region_tlatlauquitepec,0.0
Grading_Date_December_1st_2011,0.0
Grading_Date_August_8th_2014,0.0
Region_nuevo_oriente,0.0
Grading_Date_August_9th_2016,0.0
Grading_Date_December_12th_2013,0.0
Region_san_rafael,0.0
Region_tlanchinol_hidalgo,0.0
Grading_Date_December_17th_2014,0.0
Grading_Date_December_15th_2014,0.0
Grading_Date_August_8th_2017,0.0
Region_sipi_mt_elgon,0.0
Region_taiwu_township_pingtung_county,0.0
Grading_Date_August_31st_2010,0.0
Region_sumatra_brastagi,0.0
Region__1,0.0
Grading_Date_August_23rd_2011,0.0
Grading_Date_August_23rd_2012,0.0
Grading_Date_August_25th_2014,0.0
Grading_Date_August_25th_2017,0.0
Region_60,0.0
Grading_Date_August_26th_2010,0.0
Region_zihuatanejo_de_azueta,0.0
Region_tuxtla_gutierrez,0.0
Grading_Date_August_27th_2013,0.0
Grading_Date_August_27th_2015,0.0
Grading_Date_August_2nd_2012,0.0
Region_occidente,0.0
Region_sapan_toraja,0.0
Region_totutla,0.0
Region_occidental,0.0
Region_zentla,0.0
Grading_Date_August_30th_2013,0.0
Grading_Date_August_31st_2016,0.0
Region_taichung_taiping,0.0
Grading_Date_December_21st_2015,0.0
Region_siguatepeque_comayagua,0.0
Grading_Date_February_13th_2015,0.0
Grading_Date_February_14th_2014,0.0
Region_tenango_de_doria_hidalgo,0.0
Grading_Date_February_15th_2017,0.0
Grading_Date_February_16th_2012,0.0
Grading_Date_February_16th_2016,0.0
Grading_Date_February_17th_2012,0.0
Grading_Date_February_17th_2016,0.0
Grading_Date_February_13th_2013,0.0
Region_yunnan,0.0
Grading_Date_February_1st_2011,0.0
Region_temaxcalapa,0.0
Region_sierra_madre_occidental,0.0
Region_sierra_fraylesca_chiapas,0.0
Grading_Date_February_20th_2015,0.0
Grading_Date_February_20th_2017,0.0
Grading_Date_February_22nd_2012,0.0
Grading_Date_February_23rd_2016,0.0
Grading_Date_February_17th_2017,0.0
Grading_Date_December_21st_2011,0.0
Grading_Date_February_11th_2016,0.0
Grading_Date_December_6th_2013,0.0
Grading_Date_December_22nd_2011,0.0
Region_yunlin_gukeng_he_bao,0.0
Grading_Date_December_23rd_2011,0.0
Region_sierra_chiapas,0.0
Region_santa_catarina_juquila,0.0
Grading_Date_December_26th_2013__1,0.0
Grading_Date_December_27th_2013,0.0
Region_thailand,0.0
Grading_Date_December_8th_2017,0.0
Region_tepictla,0.0
Region_shizingo_village,0.0
Grading_Date_December_28th_2016,0.0
Region_nkure_meru,0.0
Region_santa_maria_sitepec,0.0
Region_ywar_ngan_township,0.0
Grading_Date_December_30th_2013,0.0
Region_sierra_norte_yajalon_chiapas,0.0
Grading_Date_December_3rd_2015,0.0
Grading_Date_December_28th_2015,0.0
Region_san_miguel_del_puerto,0.0
Region__2,0.0
Grading_Date_August_21st_2014,0.0
Region_penachi_cecanor,0.0
Grading_Date_April_12th_2014,0.0
Grading_Date_April_13th_2010,0.0
Region_yajalon,0.0
Grading_Date_April_14th_2014,0.0
Grading_Date_April_15th_2015,0.0
Region_southern_zomba,0.0
Region_xochitonalco_huautla,0.0
Region_pereira,0.0
Grading_Date_April_17th_2014,0.0
Grading_Date_April_19th_2017,0.0
Region_oromiya,0.0
Grading_Date_April_21st_2011,0.0
Region_orient,0.0
Region_ohuapan_tlaltetela,0.0
Region_xicotepec_de_juarez,0.0
Region_xalapa,0.0
Region_western_region,0.0
Region_xishuangbanna_prefecture,0.0
Grading_Date_April_25th_2014,0.0
Region_sul_de_minas,0.0
In_Country_Partner_Yunnan_Coffee_Exchange,0.0
Region_sacatepequez_guatemala,0.0
Region_quetzaltenango,0.0
Region_pyinoolwin,0.0
In_Country_Partner_Blossom_Valley_International__1,0.0
Region_puno,0.0
Region_province_of_manabi_ecuador,0.0
Region_pochutla,0.0
In_Country_Partner_Central_De_Organizaciones_Productoras_De_Caf_y_Cacao_Del_Per_Central_Caf_Cacao,0.0
Grading_Date_April_10th_2015,0.0
Region_san_bartolo_tutotepec,0.0
Region_phahi,0.0
Grading_Date_February_24th_2011,0.0
Region_petatlan,0.0
Region_yauk_sauk_shan_state,0.0
Region_peru,0.0
In_Country_Partner_Torch_Coffee_Lab_Yunnan,0.0
Region_san_isidro,0.0
Region_sul_de_minas_carmo_de_minas,0.0
Region_pluma_hidalogo_oaxaca,0.0
Grading_Date_August_22nd_2017,0.0
Grading_Date_April_25th_2016,0.0
Grading_Date_April_26th_2013,0.0
Grading_Date_April_8th_2016,0.0
Region_west_and_central_valley,0.0
Grading_Date_April_9th_2010,0.0
Region_yunlin,0.0
Region_ocosingo,0.0
Grading_Date_August_14th_2014,0.0
Grading_Date_August_15th_2014,0.0
Grading_Date_August_17th_2012,0.0
Grading_Date_April_8th_2015,0.0
Grading_Date_August_18th_2015,0.0
Region_villa_talea_de_castro,0.0
Region_dongshan_dist_tainan_city__3,0.0
Grading_Date_August_19th_2016,0.0
Region_san_fernando,0.0
Region_vietnam,0.0
Grading_Date_August_1st_2012,0.0
Grading_Date_August_20th_2012,0.0
Region_sac_n_palma_municipio_de_chil_n_chiapas,0.0
Region__3,0.0
Region_guoshing_township,0.0
Grading_Date_April_8th_2014,0.0
Region_yecuatla,0.0
Grading_Date_April_26th_2014,0.0
Grading_Date_April_26th_2016,0.0
Grading_Date_April_28th_2017,0.0
Grading_Date_April_29th_2013,0.0
Grading_Date_April_2nd_2012,0.0
Region_tapachula,0.0
Grading_Date_April_30th_2012,0.0
Grading_Date_April_30th_2014,0.0
Region_west_nile,0.0
Grading_Date_April_30th_2015,0.0
Grading_Date_April_4th_2015,0.0
Grading_Date_April_4th_2016,0.0
Grading_Date_April_5th_2012,0.0
Grading_Date_April_5th_2016,0.0
Region__4,0.0
Grading_Date_April_6th_2011,0.0
Region_solola,0.0
Grading_Date_April_6th_2016,0.0
Grading_Date_April_3rd_2014,0.0
Grading_Date_August_11th_2014,0.0
Grading_Date_January_4th_2011,0.0
Grading_Date_February_27th_2013,0.0
Grading_Date_May_26th_2014,0.0
Grading_Date_May_26th_2015,0.0
Grading_Date_May_27th_2014,0.0
Grading_Date_May_28th_2015,0.0
Grading_Date_May_29th_2013,0.0
Grading_Date_May_2nd_2013,0.0
Grading_Date_May_2nd_2016,0.0
Grading_Date_May_30th_2013,0.0
Grading_Date_May_30th_2014,0.0
Grading_Date_May_31st_2010,0.0
Grading_Date_May_31st_2012,0.0
Grading_Date_May_31st_2013,0.0
Grading_Date_May_3rd_2013,0.0
Grading_Date_May_4th_2011,0.0
Grading_Date_May_5th_2014,0.0
Grading_Date_May_7th_2013,0.0
Grading_Date_May_7th_2016,0.0
Grading_Date_May_8th_2014,0.0
Grading_Date_May_8th_2017,0.0
Grading_Date_May_9th_2013,0.0
Grading_Date_May_9th_2014,0.0
Grading_Date_May_9th_2017,0.0
Grading_Date_November_11th_2010,0.0
Grading_Date_November_15th_2017__1,0.0
Grading_Date_November_16th_2011,0.0
Grading_Date_November_16th_2015,0.0
Grading_Date_November_17th_2015,0.0
Grading_Date_May_26th_2010,0.0
Grading_Date_May_25th_2015,0.0
Grading_Date_May_24th_2013,0.0
Grading_Date_May_24th_2010,0.0
Grading_Date_March_28th_2015,0.0
Grading_Date_March_29th_2016,0.0
Grading_Date_March_2nd_2013,0.0
Grading_Date_March_31st_2014,0.0
Grading_Date_March_31st_2015,0.0
Grading_Date_March_3rd_2014,0.0
Grading_Date_March_4th_2013,0.0
Grading_Date_March_4th_2015,0.0
Grading_Date_March_8th_2013,0.0
Grading_Date_March_9th_2011,0.0
Grading_Date_May_10th_2013,0.0
Grading_Date_May_12th_2011,0.0
Grading_Date_May_12th_2014,0.0
Grading_Date_November_19th_2015,0.0
Grading_Date_May_12th_2015,0.0
Grading_Date_May_16th_2014,0.0
Grading_Date_May_16th_2016,0.0
Grading_Date_May_17th_2010,0.0
Grading_Date_May_18th_2010,0.0
Grading_Date_May_19th_2015,0.0
Grading_Date_May_19th_2016,0.0
Grading_Date_May_1st_2014,0.0
Grading_Date_May_20th_2013,0.0
Grading_Date_May_21st_2013,0.0
Grading_Date_May_22nd_2012,0.0
Grading_Date_May_22nd_2014,0.0
Grading_Date_May_23rd_2015,0.0
Grading_Date_May_23rd_2016,0.0
Grading_Date_May_13th_2014,0.0
Grading_Date_November_20th_2015,0.0
Grading_Date_November_26th_2012,0.0
Grading_Date_November_27th_2015,0.0
Grading_Date_September_27th_2017,0.0
Grading_Date_September_28th_2017,0.0
Grading_Date_September_29th_2015,0.0
Grading_Date_September_2nd_2010,0.0
Grading_Date_September_3rd_2010,0.0
Grading_Date_September_3rd_2013,0.0
Grading_Date_September_4th_2014,0.0
Grading_Date_September_4th_2017,0.0
Grading_Date_September_5th_2013,0.0
Grading_Date_September_7th_2010,0.0
Grading_Date_September_7th_2015,0.0
Grading_Date_September_8th_2017,0.0
Grading_Date_September_9th_2016,0.0
Grading_Date_September_27th_2012,0.0
Variety_Blue_Mountain,0.0
Variety_Ethiopian_Yirgacheffe,0.0
Variety_Mandheling,0.0
Variety_Marigojipe,0.0
Variety_Moka_Peaberry,0.0
Variety_Pache_Comun,0.0
Variety_Peaberry,0.0
Variety_Ruiru_11,0.0
Variety_Sulawesi,0.0
Variety_Sumatra,0.0
Variety_Sumatra_Lintong,0.0
Certification_Body_Blossom_Valley_International__1,0.0
Certification_Body_Central_De_Organizaciones_Productoras_De_Caf_y_Cacao_Del_Per_Central_Caf_Cacao,0.0
Certification_Body_Torch_Coffee_Lab_Yunnan,0.0
Variety_Ethiopian_Heirlooms,0.0
Grading_Date_March_27th_2014,0.0
Grading_Date_September_21st_2016,0.0
Grading_Date_September_17th_2015,0.0
Grading_Date_November_2nd_2016,0.0
Grading_Date_November_3rd_2017,0.0
Grading_Date_November_5th_2014,0.0
Grading_Date_November_7th_2013,0.0
Grading_Date_November_7th_2014,0.0
Grading_Date_November_7th_2015,0.0
Grading_Date_November_8th_2016,0.0
Grading_Date_November_9th_2017,0.0
Grading_Date_October_16th_2014,0.0
Grading_Date_October_17th_2014,0.0
Grading_Date_October_19th_2012,0.0
Grading_Date_October_1st_2014,0.0
Grading_Date_October_23rd_2012,0.0
Grading_Date_September_20th_2011,0.0
Grading_Date_October_25th_2012,0.0
Grading_Date_October_4th_2011,0.0
Grading_Date_October_4th_2013,0.0
Grading_Date_October_4th_2016,0.0
Grading_Date_October_5th_2012,0.0
Grading_Date_October_7th_2013,0.0
Grading_Date_October_8th_2015,0.0
Grading_Date_October_9th_2012,0.0
Grading_Date_October_9th_2017,0.0
Grading_Date_September_12th_2014,0.0
Grading_Date_September_13th_2013,0.0
Grading_Date_September_14th_2012,0.0
Grading_Date_September_14th_2015,0.0
Grading_Date_September_15th_2015,0.0
Grading_Date_October_26th_2016,0.0
Grading_Date_February_25th_2014,0.0
Grading_Date_March_25th_2016,0.0
Grading_Date_March_23rd_2011,0.0
Grading_Date_January_27th_2014,0.0
Grading_Date_January_28th_2011,0.0
Grading_Date_January_28th_2014,0.0
Grading_Date_January_29th_2013,0.0
Grading_Date_January_29th_2015,0.0
Grading_Date_January_2nd_2014,0.0
Grading_Date_January_2nd_2015,0.0
Grading_Date_January_31st_2014,0.0
Grading_Date_January_3rd_2012,0.0
Grading_Date_January_3rd_2014,0.0
Region_ngorogoro,0.0
Grading_Date_January_5th_2012,0.0
Grading_Date_January_6th_2012,0.0
Grading_Date_January_8th_2014,0.0
Grading_Date_January_8th_2015,0.0
Grading_Date_January_9th_2012,0.0
Grading_Date_January_9th_2013,0.0
Grading_Date_July_10th_2013,0.0
Grading_Date_July_15th_2014,0.0
Grading_Date_July_15th_2016,0.0
Grading_Date_July_16th_2014,0.0
Grading_Date_July_17th_2013,0.0
Grading_Date_July_19th_2011,0.0
Grading_Date_July_20th_2012,0.0
Grading_Date_July_20th_2015,0.0
Grading_Date_July_21st_2014,0.0
Grading_Date_July_22nd_2014,0.0
Grading_Date_January_26th_2015,0.0
Grading_Date_January_25th_2016,0.0
Grading_Date_January_25th_2011,0.0
Grading_Date_January_24th_2014,0.0
Grading_Date_February_27th_2014,0.0
Grading_Date_February_27th_2015,0.0
Grading_Date_February_29th_2012,0.0
Grading_Date_February_3rd_2015,0.0
Grading_Date_February_4th_2014,0.0
Grading_Date_February_5th_2014,0.0
Grading_Date_February_6th_2014,0.0
Grading_Date_February_6th_2017,0.0
Grading_Date_February_7th_2013,0.0
Grading_Date_February_8th_2012,0.0
Grading_Date_February_9th_2011,0.0
Grading_Date_February_9th_2012,0.0
Grading_Date_January_11th_2018,0.0
Grading_Date_July_22nd_2016,0.0
Grading_Date_January_14th_2014,0.0
Grading_Date_January_17th_2014,0.0
Grading_Date_January_18th_2012,0.0
Grading_Date_January_19th_2017,0.0
Grading_Date_January_19th_2018,0.0
Grading_Date_January_20th_2015,0.0
Grading_Date_January_20th_2017,0.0
Grading_Date_January_21st_2013,0.0
Grading_Date_January_21st_2016,0.0
Grading_Date_January_22nd_2013,0.0
Grading_Date_January_22nd_2015,0.0
Grading_Date_January_22nd_2016,0.0
Grading_Date_January_23rd_2014,0.0
Grading_Date_January_24th_2013,0.0
Grading_Date_January_15th_2015,0.0
Grading_Date_July_23rd_2010,0.0
Grading_Date_July_23rd_2012,0.0
Grading_Date_July_23rd_2015,0.0
Grading_Date_June_30th_2015,0.0
Grading_Date_June_30th_2017,0.0
Grading_Date_June_3rd_2017,0.0
Grading_Date_June_4th_2012,0.0
Grading_Date_June_5th_2012,0.0
Grading_Date_June_6th_2013,0.0
Grading_Date_June_6th_2016,0.0
Grading_Date_June_6th_2017,0.0
Grading_Date_June_7th_2012,0.0
Grading_Date_June_8th_2012,0.0
Grading_Date_June_9th_2014,0.0
Grading_Date_June_9th_2015,0.0
Grading_Date_June_9th_2016,0.0
Grading_Date_June_2nd_2016,0.0
Grading_Date_March_10th_2014,0.0
Grading_Date_March_12th_2015,0.0
Grading_Date_March_13th_2014,0.0
Grading_Date_March_14th_2016,0.0
Grading_Date_March_14th_2017,0.0
Grading_Date_March_15th_2011,0.0
Grading_Date_March_15th_2013,0.0
Grading_Date_March_15th_2016,0.0
Grading_Date_March_16th_2016,0.0
Grading_Date_March_17th_2016,0.0
Grading_Date_March_18th_2013,0.0
Grading_Date_March_19th_2012,0.0
Grading_Date_March_1st_2011,0.0
Grading_Date_March_20th_2013,0.0
Grading_Date_March_10th_2015,0.0
Grading_Date_March_25th_2015,0.0
Grading_Date_June_2nd_2015,0.0
Grading_Date_June_28th_2016,0.0
Grading_Date_July_24th_2017,0.0
Grading_Date_July_25th_2012,0.0
Grading_Date_July_27th_2012,0.0
Grading_Date_July_29th_2014,0.0
Grading_Date_July_2nd_2012,0.0
Grading_Date_July_31st_2015,0.0
Grading_Date_July_3rd_2015,0.0
Grading_Date_July_5th_2016,0.0
Grading_Date_July_9th_2012,0.0
Grading_Date_June_13th_2012,0.0
Grading_Date_June_13th_2017,0.0
Grading_Date_June_15th_2016,0.0
Grading_Date_June_16th_2014,0.0
Grading_Date_June_29th_2010,0.0
Grading_Date_June_16th_2017,0.0
Grading_Date_June_1st_2016,0.0
Grading_Date_June_20th_2014,0.0
Grading_Date_June_21st_2012,0.0
Grading_Date_June_21st_2013,0.0
Grading_Date_June_21st_2017,0.0
Grading_Date_June_23rd_2016,0.0
Grading_Date_June_25th_2014,0.0
Grading_Date_June_25th_2015,0.0
Grading_Date_June_26th_2012,0.0
Grading_Date_June_26th_2014,0.0
Grading_Date_June_27th_2013,0.0
Grading_Date_June_27th_2014,0.0
Grading_Date_June_27th_2016,0.0
Grading_Date_June_18th_2015,0.0
Region_nayarit,0.0
Region_santa_ana,0.0
Region_nari_o,0.0
Mill_kongoni_estate,0.0
Mill_kucofa_farmers_group,0.0
Mill_la_concordia_chiapas,0.0
Mill_la_conquista,0.0
Mill_la_distancia,0.0
Mill_la_esperanza_municipio_juchique_de_ferrer_veracruz,0.0
Mill_la_herradura,0.0
Mill_la_laja_pinillos_veracruz,0.0
Mill_la_majada_cooperative,0.0
Mill_la_tejeria,0.0
Mill_llano_hermoso_xochitonalco_huautla_oaxaca,0.0
Mill_local_made,0.0
Mill_los_angeles_micro_mill,0.0
Mill_los_barreales_teocelo_veracruz,0.0
Mill_los_pinoslos_pinos,0.0
Mill_m10,0.0
Mill_matsuzawa_coffee,0.0
Mill_mazatepec_tlatlauquitepec_puebla,0.0
Mill_mecatl_n_veracruz,0.0
Mill_menglian_ban_an_coffee_processing_factory,0.0
Mill_menglian_county_nayun_town_mangzhang_coffee_farm,0.0
Mill_menglian_mang_pan_professional_cooperative,0.0
Region_natou_county,0.0
Mill_metad_plc,0.0
Mill_mmm,0.0
Mill_mojiang_jinggong_estate_speciality_development_co_ltd_mill,0.0
Mill_mondul_coffee_estate,0.0
Mill_kerchanshe,0.0
Mill_kawacom,0.0
Mill_karatu_estate,0.0
Mill_kan_tou_mountain_coffee,0.0
Mill_finca_estate,0.0
Mill_finca_hamburgo,0.0
Mill_finca_jamaica_san_gabriel_mixtepec_juquila_oaxaca,0.0
Mill_finca_montegrande_jaltenango,0.0
Mill_finca_quequesquez,0.0
Mill_florencia,0.0
Mill_garca_armazens,0.0
Mill_genius_coffee_estate,0.0
Mill_green_beans,0.0
Mill_guo_cun_nong_yuan,0.0
Mill_guo_xin_ka_fei,0.0
Mill_guoxing_farm_coffee,0.0
Mill_hacienda_la_esmeralda,0.0
Mill_moplaco,0.0
Mill_hani,0.0
Mill_hulling_facility,0.0
Mill_hustusco,0.0
Mill_hvc,0.0
Mill_internacional_armazens_gerais,0.0
Mill_ipanema_comercial_e_exportadora_sa,0.0
Mill_ixchel,0.0
Mill_j_hill_y_cia,0.0
Mill_jacob_s_estate,0.0
Mill_jia_jia_coffee,0.0
Mill_juanana_coffee_association,0.0
Mill_ka_vulungan_coffee_estate,0.0
Mill_kabum_trading_company,0.0
Mill_kalugmanan_agri_development_corp,0.0
Mill_huatusco,0.0
Mill_mu_he_zi_coffee,0.0
Mill_municipio_monte_cristo_de_guerrero_chiapasmunicipio_monte_cristo_de_guerrero,0.0
Mill_ngorogoro_convenant_estate,0.0
Mill_san_jos_neiva,0.0
Mill_san_jos_y_el_portillo,0.0
Mill_santa_adelaida,0.0
Mill_santa_maria_siltepec,0.0
Mill_santa_maria_temaxcalapa,0.0
Mill_sapan_toraja,0.0
Mill_sarimakmur,0.0
Mill_sasini,0.0
Mill_sasini_mills,0.0
Mill_sasini_mills_thika_cofee_mills,0.0
Mill_selian_coffee_estate,0.0
Mill_several,0.0
Mill_several_coricafe_dry_mill,0.0
Mill_san_fernando_chiapas,0.0
Mill_shah_plantation,0.0
Mill_sheng_he_shang_pin_coffee,0.0
Mill_shi_fang_yuan,0.0
Mill_soc_coop_de_caf_de_ciudad_barrios_de_r_l,0.0
Mill_sogestal_mumirwa,0.0
Mill_song_yue_coffee,0.0
Mill_spot,0.0
Mill_sunshine_valley_estate,0.0
Mill_taiwan_hao_ka,0.0
Mill_tapachula_chiapas,0.0
Mill_taylor_winch_t_ltd,0.0
Mill_tembo_coffee_company_ltd,0.0
Mill_tepictla_y_xalapa_veracruz,0.0
Mill_the_beneficio_is_designed_to_be_ecologic,0.0
Mill_shangrilla_estate_ltd,0.0
Mill_finca_camila,0.0
Mill_san_diego_buena_vista,0.0
Mill_sagana,0.0
Mill_nile_highland_arabica_coffee_farmers,0.0
Mill_nitin_coffee_estate,0.0
Mill_nkg_coffee_mills,0.0
Mill_nkg_ck_hc_ss_kccm,0.0
Mill_non,0.0
Mill_nyapea,0.0
Mill_olam,0.0
Mill_olam_honduras,0.0
Mill_organizacion_union_de_ejidos_adolfo_lopez_mateos,0.0
Mill_pacho_viejo,0.0
Mill_palinsa_beneficiado_seco_santo_tomas_pachuj_beneficiado_humedo,0.0
Mill_pasto,0.0
Mill_popay_n,0.0
Mill_san_carlos,0.0
Mill_premium_grade_a,0.0
Mill_productores_de_cafes_especiales_sc,0.0
Mill_productos_organicos_de_canoas_spr_de_rl,0.0
Mill_pt_olam_indonesia,0.0
Mill_pt_perkebunan_nusantara_xii,0.0
Mill_pu_er_lingdu_yunlin_coffee_co_ltd_mill,0.0
Mill_puer_jiangcheng_fuwang_coffee_biotechnology_co_ltd,0.0
Mill_pu_er_specialty_coffee_cupping_center,0.0
Mill_r_w_j_wallace_ltd,0.0
Mill_rancho_los_laureles,0.0
Mill_rancho_vigia,0.0
Mill_rio_hamaca,0.0
Mill_rio_jorco,0.0
Mill_sac_n_palma,0.0
Mill_procesadora_del_sur_sa,0.0
Mill_tlamatoca_hutusco_ver,0.0
Mill_faysal_abamecha_processing_plant_at_yebu_town,0.0
Mill_f_i_e_c_h,0.0
Mill_beneficio_2000,0.0
Mill_beneficio_atlantic_sebaco,0.0
Mill_beneficio_cafetaleros_del_arrayanal,0.0
Mill_beneficio_casa_ruiz_s_a,0.0
Mill_beneficio_de_cafetaleros_el_remudadero_s_p_r_de_r_l,0.0
Mill_beneficio_de_caf_tecoxolco_s_de_r_l_de_c_v,0.0
Mill_beneficio_el_grande,0.0
Mill_beneficio_el_morito,0.0
Mill_beneficio_las_brisas,0.0
Mill_beneficio_las_tres_puertas,0.0
Mill_beneficio_monta_as_del_diamante,0.0
Mill_beneficio_nueva_granada,0.0
Mill_beneficio_palinsa,0.0
Mill_beneficio_san_carlos,0.0
Mill_beneficio_san_fernando,0.0
Mill_beneficio_santa_rosa_s_a,0.0
Mill_beneficio_seco_de_cafe_de_la_soc_coop_tzotzilotic_tzobolotic_scl,0.0
Mill_beneficio_serben,0.0
Mill_beneficio_soppexcca,0.0
Mill_beneficio_valparaiso,0.0
Mill_bener_meriah_gayo,0.0
Mill_bi_yun_si_shi_yi,0.0
Mill_bogota_bachue,0.0
Mill_bucaramanga,0.0
Mill_buenas_vista_municipio_de_san_bartolo_tutotepec,0.0
Mill_bukonzo_joint_cfs,0.0
Mill_bulamburi_coffee_farmers,0.0
Mill_baroida,0.0
Mill_baishengcun_coffee,0.0
Mill_bai_he_lin_coffee,0.0
Mill_at_site_and_addis_ababa,0.0
Country_of_Origin_China,0.0
Country_of_Origin_Cote_d_Ivoire,0.0
Country_of_Origin_Ecuador,0.0
Country_of_Origin_Haiti,0.0
Country_of_Origin_Japan,0.0
Country_of_Origin_Mauritius,0.0
Country_of_Origin_Panama,0.0
Country_of_Origin_Papua_New_Guinea,0.0
Country_of_Origin_Rwanda,0.0
Country_of_Origin_Unknown,0.0
Country_of_Origin_Vietnam,0.0
Country_of_Origin_Zambia,0.0
Mill_17_18,0.0
Mill_burka_coffee_estates,0.0
Mill_a_shu_she_coffee,0.0
Mill_ada_farm,0.0
Mill_agroindustrias_unidas_de_mexico,0.0
Mill_alcafe_s_a_de_c_v,0.0
Mill_alicia_s_farm,0.0
Mill_alishan_zou_zhu_yuan,0.0
Mill_amkeni_gourmet_coffee_group,0.0
Mill_amsa_oaxaca,0.0
Mill_angel_albino_corzo_chiapas,0.0
Mill_apollo_co_ltd,0.0
Mill_apollo_estate,0.0
Mill_armazens_gerais_cocarive,0.0
Mill_arroyo_triste_arroyo_triste_san_jose_vista_hermosa,0.0
Mill_arusha,0.0
Mill_ac_la_laja_sa_de_cv,0.0
Mill_burka_gudina,0.0
Mill_c_p_w_e,0.0
Mill_cafeco_3,0.0
Mill_dongshan_gaoyuan_village_chief_manor_coffee_tainan_taiwan,0.0
Mill_dos_puentes_de_finca_kassandra,0.0
Mill_dragon_coffee,0.0
Mill_dragon_coffee__1,0.0
Mill_drima_zede,0.0
Mill_dry,0.0
Mill_dry_hull,0.0
Mill_echo_coffee_mill,0.0
Mill_el_borbollon,0.0
Mill_el_chipoco_municipio_de_tlanchinol,0.0
Mill_el_mavodo,0.0
Mill_el_mirador,0.0
Mill_el_olvido_zentla_veracruz,0.0
Mill_doi_tung_development_project,0.0
Mill_el_pacayal_amatenango_de_la_frontera_chiapas,0.0
Mill_el_regadito,0.0
Mill_el_regalito,0.0
Mill_el_romnace_azul_rio_verde,0.0
Mill_elida_estate,0.0
Mill_en_ahuatitlan,0.0
Mill_en_chiatipan_municipio_de_huazalingo,0.0
Mill_en_cortado_beneficiado_y_secado_por_el_productor,0.0
Mill_en_coyula,0.0
Mill_en_el_plan_de_guadalupe,0.0
Mill_en_el_progreso,0.0
Mill_en_santa_maria_temaxcalapa,0.0
Mill_exclusive_coffees_s_a,0.0
Mill_exportadora_caf_california,0.0
Mill_el_pino_cosautlan_de_carvajal,0.0
Mill_falcafe_s_a_de_c_v,0.0
Mill_cuauhtemoc_321_col_trinidad_de_las_huertas,0.0
Mill_corral_del_diablo_lote_1,0.0
Mill_cafetal_el_equimite_rancho_agroecol_gico,0.0
Mill_cafetal_la_ordu_a,0.0
Mill_cafetal_santa_maria,0.0
Mill_cafetalera_la_cuchilla,0.0
Mill_cafetaleros_de_la_yerbabuena_spr_de_rl,0.0
Mill_cafex,0.0
Mill_cafico,0.0
Mill_caf_do_para_so,0.0
Mill_caf_don_balbino,0.0
Mill_canoa_manzanillo,0.0
Mill_carapina,0.0
Mill_carapina_armazens_gerais,0.0
Mill_central_kenya_coffee_mills,0.0
Mill_cruz_verde,0.0
Mill_cigrah_sps,0.0
Mill_cnra_station_of_divo,0.0
Mill_coatepec_ver,0.0
Mill_cocarive,0.0
Mill_coffee_business_center_cbc_dry_mill,0.0
Mill_cohorsil,0.0
Mill_comitla,0.0
Mill_comunidad_de_sac_n_palma_municipio_de_chil_n_chiapas,0.0
Mill_concepcion,0.0
Mill_coop_hoja_blanca_fedecocagua,0.0
Mill_cooperative_agro_industrielle_de_marmela,0.0
Mill_copag_varginha_mg,0.0
Mill_copag_armaz_ns_gerais_ltda,0.0
Mill_cordoba_ver,0.0
Mill_ckcm,0.0
Mill_tlavictepan_huatusco,0.0
Certification_Body_Yunnan_Coffee_Exchange,0.0
Mill_triladora_bonanza,0.0
Region_atoyac_de_alvarez,0.0
Region_indonesia,0.0
Region_ilomba_vilage_mbozi,0.0
Region_bali,0.0
Region_bener_meriah,0.0
Region_ikand_village,0.0
Region_berastagi,0.0
Region_ijen,0.0
Region_blend,0.0
Region_blida_kercha_guji_oromia,0.0
Region_hustusco,0.0
Region_huazalingo_hidalgo,0.0
Region_huanuco,0.0
Region_high_mogiana,0.0
Region_bondowoso,0.0
Region_iwala_village_mbeya_rural,0.0
Region_jaltenango,0.0
Region_juchique_de_ferrer,0.0
Region_arusha_meru,0.0
Region_kenya,0.0
Region_aceh_gayo,0.0
Region_kelem_welega,0.0
Region_ada_okinawa_japan,0.0
Region_kefa_zone_gimbo_distict_at_a_place_called_woka_araba_south_west_ethiopia,0.0
Region_adolfo_lopez_mateos,0.0
Region_aldea_xeucalvitz_ixil_region_quiche_department,0.0
Region_haiti,0.0
Region_kasese,0.0
Region_amatenango_de_la_frontera,0.0
Region_karatu_ngorogoro,0.0
Region_karatu_arusha,0.0
Region_kapchorwa_eastern,0.0
Region_kapchorwa,0.0
Region_kakoma,0.0
Region_juquila,0.0
Region_alta_paulista_sao_paulo,0.0
Region_kilimanjaro,0.0
Region_boquete,0.0
Region_bukidnon_mindanao_philppines,0.0
Region_costa_rica,0.0
Region_cerrado_monte_carmelo_minas_gerais,0.0
Region_coscomatepec,0.0
Region_chamarel_south_west,0.0
Region_corillera_administrative,0.0
Region_cordoba,0.0
Region_comayagua_honduras,0.0
Region_colima,0.0
Region_chapulhuacan_hidalgo,0.0
Region_cofradia_de_suchitlan,0.0
Region_cnra_station_of_divo,0.0
Region_chiang_rai_thailand,0.0
Region_chuva_san_marcos,0.0
Region_chil_n,0.0
Region_chiayi_alishan,0.0
Region_central_valley,0.0
Region_dala,0.0
Region_doi_chaang_village_chiang_rai_thialand,0.0
Region_don_duong,0.0
Region_guinope_el_para_so,0.0
Region_cacahuatique,0.0
Region_calnali_hidalgo,0.0
Region_gicumbi,0.0
Region_gedio,0.0
Region_canoas,0.0
Region_ethiopia_sidamo,0.0
Region_guji_hambela,0.0
Region_carmo_de_minas,0.0
Region_el_tumbador_san_marcos,0.0
Region_el_progreso,0.0
Region_eastern_uganda,0.0
Region_eastern_highlands_province,0.0
Region_east_java,0.0
Region_central_america,0.0
Region_dongshan_dist_tainan_city,0.0
Region_escuitla,0.0
Region_aceh,0.0
Region_chiapas_jaltenango,0.0
Region_la_plata,0.0
Region_mogiana,0.0
Region_mmm,0.0
Region_mkuu_rombo,0.0
Region_minas_gerais_br,0.0
Mill_wolensu,0.0
Mill_worka,0.0
Mill_xicotepec_de_juarez,0.0
Region_mexico,0.0
Mill_yajalon_chiapas,0.0
Mill_yes,0.0
Region_meru,0.0
Region_acatenango,0.0
Mill_you_siang_coffee_farmtainan_taiwan,0.0
Mill_yu_jin_gui,0.0
Mill_yun_lan_coffee_co_ltd_mill,0.0
Region_moshi,0.0
Region_matas_de_minas,0.0
Mill_villa_talea_de_castro_oaxaca,0.0
Region_mountain_ali_taiwan,0.0
Mill_trilladora_asia,0.0
Mill_trilladora_bonanza_armenia_quindio,0.0
Region_nantou,0.0
Region_muranga,0.0
Region_mumirwa,0.0
Mill_trilladora_europa,0.0
Mill_tropica_galliard,0.0
Region_mubuyu_estate,0.0
Mill_tutunze_kahawa_ltd,0.0
Mill_union_ramal_santa_cruz,0.0
Mill_utcam_usine_traitement_cafe_marmelade,0.0
Region_mt_elgon,0.0
Mill_various_smallholders_wet_mills,0.0
Mill_very_famous_intl,0.0
Region_mountains_of_minas_gerais,0.0
Region_motozintla,0.0
Mill_yunnan_louis_herbs_r_d_center,0.0
Region_menglian,0.0
Region_marmelade,0.0
Mill_4_88,0.0
Region_matagalpa,0.0
Mill__6,0.0
Region_lintong,0.0
Mill__7,0.0
Mill__3,0.0
Mill_lin_yuan_coffee,0.0
Mill_zhuo_wu_shan_coffee,0.0
Region_los_angeles,0.0
Mill__9,0.0
Mill__10,0.0
Region_leye_alishan_township_chiayi_county,0.0
Mill_zhang_li_hong_coffee,0.0
Mill__12,0.0
Region_manzanillo,0.0
Region_manyara_karatu,0.0
Region_mahuixtlan,0.0
Mill_zaragoza_montelibano_pamal_navil,0.0
Mill_hoe_vs_flower_coffee_farm,0.0
Region_la_yerbabuena,0.0
Region_mantiqueira_de_minas,0.0
Region_la_yerba,0.0
Mill_tuxpal,1.554312234475219e-16
Mill_seid_damtew_coffee_export_and_plantation,1.7763568394002506e-16
Grading_Date_March_18th_2014,2.886579864025407e-16
Grading_Date_May_22nd_2017,1.0680345496894006e-14
Mill_aspinwall_co_ltd_mangalore,1.070254995738651e-14
Mill_monte_blanco,2.3736568266485848e-14
Grading_Date_June_21st_2011,2.4602542225693468e-14
Grading_Date_June_5th_2013,3.248512570053208e-14
Region_pyin_oo_lwin,4.456435220845378e-14
Grading_Date_October_18th_2016,5.004885395010206e-14
Region_tepetzingo,6.59472476627343e-14
Mill_ngila_estate_ltd,8.810729923425243e-14
Mill_cafes_tomari_sa_de_cv,9.936496070395151e-14
Country_of_Origin_India,1.1042278202921807e-13
Grading_Date_June_3rd_2013,1.1974865543606937e-13
Region_karatu_northern,1.2281287098403482e-13
Region__6,1.5076828674409626e-13
Grading_Date_February_18th_2014,1.7135182162064667e-13
Region_chickmangalore,1.9746426715983033e-13
Mill_trilladora_picale_a,2.482014593852e-13
Region__7,3.241185098090682e-13
Mill__1,3.411049220858331e-13
Mill_sasini_kofinaf_mills,4.40003589119442e-13
Region__5,5.523803636720003e-13
Grading_Date_January_16th_2017,6.584732759051803e-13
Mill__4,8.731015910257156e-13
Region_iliatenco_guerrero,9.35918009759007e-13
Mill_bcu,1.467492793949532e-12
Grading_Date_October_17th_2017,1.4963363881292934e-12
Mill_la_eva,1.4967804773391435e-12
Region_baihe_dist_tainan_city,2.632205564623291e-12
Grading_Date_April_11th_2014,2.9706903603710087e-12
Mill_tokoffee,2.988653768909444e-12
Mill_ecc,4.68549643528604e-12
Grading_Date_October_26th_2015,5.988054496697259e-12
Grading_Date_March_26th_2012,7.02105040772949e-12
Grading_Date_October_28th_2014,7.037237459428525e-12
Mill_coocafe_r_l,7.748912622673743e-12
Grading_Date_April_16th_2013,8.831002595854898e-12
Grading_Date_July_7th_2017,1.0223044633050904e-11
Mill_hand_peeled,1.3361955986113117e-11
Region_leye_alishan_township_chiayi_county__1,1.4521073232742765e-11
Mill_dry_in_solar_beds,1.4688095184567374e-11
Grading_Date_April_27th_2016,1.7653078998591808e-11
Grading_Date_July_5th_2013,2.215247985049018e-11
Grading_Date_May_28th_2014,2.334690218930291e-11
Mill_cosautlan_de_carvajal_veracruz_m_xico,2.5663049463275912e-11
Region_mbale,3.5022540423312876e-11
Grading_Date_May_5th_2015,3.5118530306021964e-11
Grading_Date_June_26th_2017,3.9940895035783794e-11
Grading_Date_December_27th_2010,4.441227385854063e-11
Region_san_ignacio,4.4858405878756e-11
Grading_Date_August_3rd_2015,4.547562326706611e-11
Grading_Date_April_9th_2012,4.5834647188769394e-11
Region_huautla_de_jimenez,4.6420489674403595e-11
Grading_Date_January_13th_2015,4.7841441919160846e-11
Mill_san_miguel,5.145406323237012e-11
Mill_finca_las_nieves,5.331952657172678e-11
Region_meru_county,5.992142337873929e-11
Mill_baijiada_coffee_farm,6.08786576705711e-11
Mill_cafes_de_naranjal_s_a_de_c_v,6.155655984940722e-11
Region_chiang_rai,6.33651353609821e-11
Grading_Date_May_18th_2017,6.864591117761165e-11
Region_asia_pacific,8.144194207915235e-11
Grading_Date_January_8th_2013,9.777525455945124e-11
Mill_exportadora_atlantic_sa_pp_condega,9.87379733530247e-11
Grading_Date_March_21st_2014,1.1086753737288291e-10
Mill_chang_yu_liang,1.2105139113316454e-10
Grading_Date_April_27th_2012,1.2232974633263892e-10
Mill_beneficio_la_igualdad,1.430632279308952e-10
Region_fln_mirador,1.4628729338994618e-10
Mill_coopeagri,1.4791989855211796e-10
Region_mt_rwenzori,1.7219918824196155e-10
Mill_beneficio_atlantic_planta_procedora_condega,2.1078649936612237e-10
Region_dipilto_nueva_segovia,2.5967874517363045e-10
Grading_Date_March_23rd_2017,3.009104965201459e-10
Grading_Date_October_23rd_2014,3.050197427967305e-10
Grading_Date_March_8th_2017,3.197432318913229e-10
Region_santo_reyes_nopala,3.415573823772888e-10
Region_brunca,3.4208562649240547e-10
Region_snnp_kaffa_zone_gimbowereda,4.3550252293300673e-10
Grading_Date_August_7th_2013,1.050139109004533e-09
Grading_Date_July_3rd_2012,1.489431424728238e-06
Region_cerrado,1.585311605045714e-05
Country_of_Origin_Indonesia,4.1984720575083403e-05
Country_of_Origin_United_States_Puerto_Rico,5.010109595533496e-05
Grading_Date_February_13th_2017,7.654745320602174e-05
Mill_finca_los_barreales,7.867104938061865e-05
Variety_SL34,0.00010004875617004582
Region_kiambu,0.0001280652696109774
Grading_Date_May_15th_2014,0.0001460404961415529
Grading_Date_September_17th_2012,0.00022489122827458187
Region_kona,0.00023438860293507614
Region_nyeri,0.0002355797071017074
Mill_trilladora_bonanza_armenia_quindioa,0.0003536380074039114
Region_san_lucas_toliman_solola,0.00035670122285937913
Country_of_Origin_Myanmar,0.0004090529250212915
Mill_ipanema_coffees,0.0004230769057173234
Mill_hacienda_alto_grande,0.0004283348617833971
Mill_beneficio_atlantic_condega,0.0004556219220630542
Mill_humedo_finca_santo_tomas_pachuj_y_seco_beneficio_palinsa,0.0005023587335188262
Region_arusha,0.000529909601877021
Mill_great_lakes_coffee,0.0006729393740544154
Grading_Date_December_12th_2014,0.0007190554266193639
Grading_Date_June_30th_2014,0.0007394151356840961
Grading_Date_April_6th_2012,0.0007754821073031604
Processing_Method_Pulped_natural_honey,0.0009078363766666042
Grading_Date_May_11th_2017,0.0010393718645953288
Certification_Body_Blossom_Valley_International,0.0011152105985392734
Mill_beneficio_exportacafe_agua_santa,0.0011576660348121993
Region_monte_carmelo,0.0011993880683727864
Grading_Date_June_5th_2015,0.0012835812870177986
Region_antigua,0.001291707231875283
Region_la_concordia_chiapas,0.0013370544229359682
Variety_Hawaiian_Kona,0.0013395966023209693
Grading_Date_January_13th_2012,0.0013650463684717006
Grading_Date_April_29th_2015,0.0013672586793815444
Mill_cauca,0.0014062290630883155
Country_of_Origin_Kenya,0.0015040162155867786
Mill_bachue,0.0017125908853159234
In_Country_Partner_Blossom_Valley_International,0.0017251542411764963
Country_of_Origin_Malawi,0.0017427840395971782
Grading_Date_July_6th_2015,0.0017650587557074937
Variety_Catimor,0.0017664146407355696
Grading_Date_August_30th_2012,0.0017935321625536017
Region_atitlan,0.001873970574061623
Region_eastern,0.0020112162034821466
Country_of_Origin_Taiwan,0.002127187319343782
Region_oromia,0.0021702100708035355
Region_guayata,0.0021952454055751192
Grading_Date_March_11th_2016,0.0022243715277030286
Number_of_Bags,0.002236774947732623
Mill_copag,0.0022411167772855346
Region_chiapas,0.002244467352912993
In_Country_Partner_Tanzanian_Coffee_Board,0.002362300661672689
Grading_Date_March_30th_2015,0.0023988890621009728
Mill_bogota,0.0024121303209768906
Region_pitalito,0.002449049154793337
Certification_Body_Kenya_Coffee_Traders_Association,0.0024535970679947505
Mill_beneficio_siembras_vision_154,0.0024766332990429074
Certification_Body_Tanzanian_Coffee_Board,0.0025096443272682343
Grading_Date_February_22nd_2011,0.0025302810351810036
Region_Unknown,0.002567763213436147
In_Country_Partner_Kenya_Coffee_Traders_Association,0.0027140992846307554
Certification_Body_Coffee_Quality_Institute,0.0027201187421162843
Grading_Date_March_26th_2015,0.0027397762769043156
In_Country_Partner_Coffee_Quality_Institute,0.0028334225436093875
Region_central_kenya,0.0028561711624138786
Certification_Body_Specialty_Coffee_Association,0.002863310128460217
Mill_beneficio_ixchel,0.002890524902888125
Variety_Yellow_Bourbon,0.0030767885792006623
Mill_via_seca,0.0030899948738723816
Grading_Date_January_31st_2012,0.003096277549857529
Grading_Date_June_22nd_2017,0.0031194022169889644
Processing_Method_Unknown,0.003177341649344223
In_Country_Partner_Specialty_Coffee_Association,0.003191982756930578
Mill_el_injerto_s_a,0.003212392524003782
Grading_Date_July_17th_2015,0.0033672490500296524
In_Country_Partner_Specialty_Coffee_Association_of_Indonesia,0.003420603108660769
Country_of_Origin_Burundi,0.0034950181341228737
In_Country_Partner_Centro_Agroecol_gico_del_Caf_A_C,0.0035304298026832106
Region_taiwan,0.003580393141589555
Grading_Date_August_2nd_2013,0.0036598269712047717
Grading_Date_November_4th_2014,0.003683199184137709
Grading_Date_March_7th_2014,0.0037646085176384013
Region_apaneca,0.003771641153322336
Region_taichung_xinshe,0.003915481351341965
Grading_Date_July_11th_2012,0.004019991344820295
Variety_Bourbon,0.004033156466876098
Certification_Body_Centro_Agroecol_gico_del_Caf_A_C,0.004109241163548693
Region_jinotega,0.0041161142682004884
Grading_Date_August_31st_2012,0.004175979724722789
Region_mbinga,0.004250807149239621
Grading_Date_January_10th_2017,0.004440497781788055
Region_dongshan_dist_tainan_city__1,0.004583844656795266
Region_vale_da_grama,0.004676396859347953
Variety_Unknown,0.004787865066042252
Certification_Body_Specialty_Coffee_Association_of_Indonesia,0.004910190311001661
Grading_Date_December_18th_2014,0.00501121167744969
Country_of_Origin_El_Salvador,0.005138094762850076
Variety_Mundo_Novo,0.005231250283917488
Mill_cigrah,0.005264265514204091
Mill_ecc_beneficio_veracruz,0.0055276496927158855
Grading_Date_March_21st_2015,0.005549370488190953
Grading_Date_June_20th_2017,0.0056089039484592314
Grading_Date_January_12th_2016,0.005638567084994994
Country_of_Origin_Colombia,0.005859152128537648
Region_ywar_ngan,0.005903694377911206
Mill_rafiki_coffee_limited,0.006064543791494082
Grading_Date_February_13th_2012,0.006247448946065548
Processing_Method_Washed_Wet,0.00650536746815038
Grading_Date_June_6th_2012,0.006539284845909132
Grading_Date_October_31st_2014,0.006587296823176136
Grading_Date_March_27th_2015,0.0067657109179269925
Region_grama_valley,0.006897485812396287
Mill_mzuzu_coffee_coop_union,0.006970081791510085
Grading_Date_June_24th_2014,0.007108699872353896
Mill_la_yerba,0.007140350579462296
Grading_Date_May_18th_2016,0.007369278697206072
Grading_Date_June_10th_2015,0.007568633510313161
Region_el_balsamo_quezaltepec,0.007755596222256078
Mill_cartago,0.007819372171401029
Mill_tsoustructive_garden,0.008137170295840069
Grading_Date_October_27th_2017,0.008159140931213615
Grading_Date_April_11th_2012,0.008180161906831528
Grading_Date_June_16th_2010,0.008202325049584513
In_Country_Partner_Salvadoran_Coffee_Council,0.008224647460876523
In_Country_Partner_Specialty_Coffee_Association_of_Costa_Rica,0.008474239991482446
Grading_Date_July_17th_2012,0.00848647106853786
Mill_none,0.008641963322265144
Grading_Date_August_16th_2011,0.00870786799882164
Country_of_Origin_Nicaragua,0.008757744630871134
Country_of_Origin_Ethiopia,0.009010526401984121
Certification_Body_Salvadoran_Coffee_Council,0.009334483078822852
Certification_Body_Specialty_Coffee_Association_of_Costa_Rica,0.009534018480261563
Grading_Date_October_15th_2014,0.009552972961496575
Grading_Date_March_12th_2013,0.009783329124042561
Country_of_Origin_Mexico,0.009847948595692668
Variety_Gesha,0.00987293664282889
Mill_el_patalillo,0.010006494336118176
Mill_las_americas,0.010051915410978407
Grading_Date_August_16th_2016,0.010125169891265707
Region_jalapa,0.01015624159744608
Mill_kyagalanyi_coffee_ltd,0.010171975035779268
Mill_bonanza_armenia,0.01026810263966107
Grading_Date_April_7th_2016,0.010739930924245633
Grading_Date_June_5th_2017,0.010894732167320887
Grading_Date_April_6th_2017,0.010898691342212862
Mill_dae_ltd,0.011118060246873073
Mill_beneficio_humedo,0.011810294772491825
Certification_Body_METAD_Agricultural_Development_plc,0.011849301131633228
In_Country_Partner_METAD_Agricultural_Development_plc,0.012027073906039321
Mill_coopetarraz,0.012080203357663266
Region_huila,0.012927833602727357
Region_central_region,0.012984659965429902
Category_Two_Defects,0.013343521392345981
Grading_Date_December_10th_2013,0.013554493552616908
Region_mzuzu,0.013870291562439463
Mill_coricafe_sa,0.014035509188571904
Grading_Date_September_10th_2012,0.014389587706056006
Region_west_valley,0.014441026793674473
Grading_Date_May_12th_2017,0.014742679438707596
Grading_Date_January_20th_2014,0.015230750997649678
Mill_jing_jing_caf,0.01536105620876962
Grading_Date_July_19th_2013,0.015619145023405246
Region_cauca,0.015694490669384907
Grading_Date_August_12th_2016,0.017453317514920318
Country_of_Origin_Guatemala,0.01755728768335072
Mill_ibero,0.01763615211731573
Region_kasese_mt_rwenzori,0.017907130588983633
Region_limu,0.017968213779428765
Grading_Date_July_18th_2016,0.018374430081424677
Region_paksong_laos,0.018507176021095438
Country_of_Origin_Laos,0.018674810528579444
Mill_linda_vista,0.018747733214921625
Grading_Date_August_29th_2012,0.018767809703520787
Mill_beneficio_cuzcachapa,0.019157765253903936
Color_Bluish_Green,0.019283316483782943
Grading_Date_September_22nd_2011,0.019387369067279003
Region_tlacuilotepec,0.02028698036308696
Grading_Date_August_28th_2017,0.02029914130989008
Grading_Date_September_11th_2012,0.020336136972468832
Mill_palo_blanco_tlacuilotepec_puebla,0.020530513686366537
Grading_Date_September_12th_2012,0.020551377526838954
Grading_Date_March_11th_2013,0.020943703335368834
Grading_Date_September_4th_2012,0.021098312589636126
Grading_Date_June_1st_2017,0.021598778832388497
Grading_Date_June_14th_2011,0.021819874573698585
Grading_Date_April_20th_2015,0.021951307537197318
Country_of_Origin_Philippines,0.022200207889700518
Grading_Date_April_19th_2013,0.022524818131105274
Grading_Date_July_8th_2015,0.02267871608993517
Grading_Date_January_21st_2014,0.022908661629686456
Mill_amsa_tuxtla,0.023012248517022483
Region_chapad_o_de_ferro_cerrado_mineiro,0.023412676808234868
Region_tres_rios,0.023511440287790376
Mill_gao_chun_fang,0.023855065681825115
Region_cuarente_o,0.024231815170453454
Grading_Date_August_23rd_2017,0.02525375171182258
Grading_Date_January_23rd_2012,0.02553096987588832
Region_ocotepeque,0.02590346998338002
Region_oaxaca,0.026230638056028256
Grading_Date_February_26th_2013,0.026322156032459843
In_Country_Partner_Asociaci_n_Mexicana_De_Caf_s_y_Cafeter_as_De_Especialidad_A_C,0.027645571350251984
Grading_Date_April_2nd_2014,0.0276457542453707
Grading_Date_February_25th_2016,0.02777922257807137
Grading_Date_September_16th_2012,0.028791227574598444
Certification_Body_Asociaci_n_Mexicana_De_Caf_s_y_Cafeter_as_De_Especialidad_A_C,0.02994442203443115
Grading_Date_July_26th_2012,0.03046597007990941
Grading_Date_February_7th_2014,0.03059808529695247
Grading_Date_February_23rd_2012,0.03223928315135762
Grading_Date_May_24th_2012,0.03276648959425434
Grading_Date_December_11th_2012,0.03309045257343015
Grading_Date_July_16th_2013,0.03315711337482539
Grading_Date_March_24th_2014,0.0333988239423755
Grading_Date_July_29th_2011,0.036102718662476475
Region_san_ramon,0.0366084558995887
Grading_Date_November_29th_2010,0.04009457684752764
Grading_Date_November_23rd_2014,0.04167964617640605
Grading_Date_October_28th_2011,0.04637154727225061
Region_san_marcos,0.04717664659213831
Grading_Date_July_14th_2015,0.049215742981816434
Grading_Date_May_23rd_2012,0.05787247026282771
Body,0.0596636942155333
Aroma,0.07797024793066362
Balance,0.08403990551612425
Acidity,0.10219244883103466
Aftertaste,0.10272445989647569
Flavor,0.1209823596261089
Overall,0.12534818593180547
