feature,mean_importance
Mill_cocarive,-0.036592055061646846
Mill_trilladora_bonanza_armenia_quindioa,-0.03323165588236079
Grading_Date_July_6th_2015,-0.030253044647335425
Mill_productores_de_cafes_especiales_sc,-0.028618421496293102
Grading_Date_February_9th_2011,-0.024205073502422493
Grading_Date_June_6th_2012,-0.02392447338091359
Mill_kyagalanyi_coffee_ltd,-0.019402791322509928
Region_changhua_baguashan,-0.015672086616136838
Mill_beneficio_atlantic_condega,-0.014032286352557488
Grading_Date_February_13th_2012,-0.012389184199816449
Mill_micro_beneficio_la_caba_a_javier_meza,-0.009899527681405207
Variety_Catuai,-0.009231769814513058
Grading_Date_September_2nd_2010,-0.0089860887365659
Mill_union_ramal_santa_cruz,-0.008794067238353787
Mill_c_p_w_e,-0.008791559623984212
Region_cerrado,-0.007164630125227589
Mill_tapachula_chiapas,-0.006556741285204293
Region_tapachula,-0.006481043480898086
Region_santander,-0.006360851935566947
Grading_Date_March_29th_2013,-0.006168054763698283
Country_of_Origin_Honduras,-0.0060178824692134645
Mill_kan_tou_mountain_coffee,-0.0056091943857999645
Grading_Date_July_26th_2012,-0.005217856970440948
Region_chiapas,-0.004565315690816041
Certification_Body_Africa_Fine_Coffee_Association,-0.004414156337706121
In_Country_Partner_Africa_Fine_Coffee_Association,-0.004234204941025421
Altitude,-0.0038706262709115257
Region_marcala,-0.0037789450981664087
Mill_cadexsa,-0.0037466414021357862
Grading_Date_March_13th_2015,-0.0035774808522225144
Grading_Date_May_15th_2014,-0.0035514351836491544
Region_antioquia,-0.0032919487222338173
In_Country_Partner_Specialty_Coffee_Institute_of_Asia,-0.0032436754640472465
Certification_Body_Specialty_Coffee_Institute_of_Asia,-0.003230530891822303
Country_of_Origin_United_States,-0.0030969673618834294
Grading_Date_April_6th_2012,-0.0030773054976810156
Number_of_Bags,-0.002980788857080352
Grading_Date_December_3rd_2011,-0.0028373768868146685
Country_of_Origin_El_Salvador,-0.00248519038209305
Grading_Date_March_31st_2015,-0.002395845290396048
Region_xalapa,-0.00214458044241157
Region_south_of_minas,-0.001817039063562964
Region_thailand,-0.001809545319181316
Country_of_Origin_Kenya,-0.001805278305999991
Country_of_Origin_China,-0.0017276170666187252
Region_nantou,-0.0016763053095210979
Mill_kawacom,-0.0016679605239540152
Region_taiwan,-0.0016140806458853963
Mill_non,-0.0015356427934469785
Country_of_Origin_Thailand,-0.0015024951563816114
Country_of_Origin_Tanzania_United_Republic_Of,-0.0013916308771324548
Region_ocotepeque,-0.001380517561011363
Grading_Date_January_18th_2012,-0.0012830848432610065
Country_of_Origin_Uganda,-0.0009101519288051474
Region_la_concordia,-0.0006948705848249137
Region_menglian,-0.0006642380250560631
Certification_Body_Kenya_Coffee_Traders_Association,-0.0005095756724780021
Variety_SL14,-0.0005062982921058889
Region_tarrazu,-0.0005016302015478757
Certification_Body_Uganda_Coffee_Development_Authority,-0.0004946033120470262
In_Country_Partner_Kenya_Coffee_Traders_Association,-0.00048016949734495105
Mill_bachue,-0.00046960769898998225
Grading_Date_January_20th_2014,-0.0004358732019822398
In_Country_Partner_Uganda_Coffee_Development_Authority,-0.0003497846088939216
Variety_Other,-0.00033780543842594214
Region_yunnan,-0.00029708363676936853
Grading_Date_April_2nd_2012,-0.0001487209621405583
Region_la_yerba,-5.8219146917126705e-05
Region_guoshing_township,-2.220446049250313e-16
Grading_Date_April_16th_2013,-2.220446049250313e-16
Grading_Date_April_15th_2016,-2.220446049250313e-16
Grading_Date_November_3rd_2015,-2.220446049250313e-16
Grading_Date_April_10th_2015,-2.220446049250313e-16
Region_zihuatanejo_de_azueta,-2.220446049250313e-16
Grading_Date_April_13th_2010,-2.220446049250313e-16
Grading_Date_April_12th_2014,-2.220446049250313e-16
Grading_Date_April_12th_2012,-2.220446049250313e-16
Grading_Date_April_11th_2014,-2.220446049250313e-16
Region,-2.220446049250313e-16
Grading_Date_April_11th_2012,-2.220446049250313e-16
Grading_Date_April_15th_2015,-2.220446049250313e-16
Grading_Date_October_15th_2014,-2.220446049250313e-16
Grading_Date_November_4th_2014,-2.220446049250313e-16
In_Country_Partner_Torch_Coffee_Lab_Yunnan,-2.220446049250313e-16
Grading_Date_November_9th_2017,-2.220446049250313e-16
Grading_Date_November_8th_2016,-2.220446049250313e-16
In_Country_Partner_Blossom_Valley_International__1,-2.220446049250313e-16
Grading_Date_November_7th_2015,-2.220446049250313e-16
Region_dongshan_dist_tainan_city__3,-2.220446049250313e-16
Grading_Date_October_17th_2014,-2.220446049250313e-16
In_Country_Partner_Central_De_Organizaciones_Productoras_De_Caf_y_Cacao_Del_Per_Central_Caf_Cacao,-2.220446049250313e-16
In_Country_Partner_Centro_Agroecol_gico_del_Caf_A_C,-2.220446049250313e-16
Grading_Date_April_17th_2014,-2.220446049250313e-16
Region__2,-2.220446049250313e-16
Grading_Date_November_7th_2014,-2.220446049250313e-16
Grading_Date_November_7th_2013,-2.220446049250313e-16
Region__3,-2.220446049250313e-16
Region__4,-2.220446049250313e-16
Region__5,-2.220446049250313e-16
Region_60,-2.220446049250313e-16
Grading_Date_November_5th_2014,-2.220446049250313e-16
In_Country_Partner_Salvadoran_Coffee_Council,-2.220446049250313e-16
Grading_Date_November_3rd_2017,-2.220446049250313e-16
Region__7,-2.220446049250313e-16
In_Country_Partner_Tanzanian_Coffee_Board,-2.220446049250313e-16
Region__6,-2.220446049250313e-16
Region__1,-2.220446049250313e-16
Grading_Date_April_27th_2016,-2.220446049250313e-16
Grading_Date_October_5th_2012,-2.220446049250313e-16
Grading_Date_October_7th_2013,-2.220446049250313e-16
Grading_Date_August_15th_2014,-2.220446049250313e-16
Grading_Date_November_20th_2015,-2.220446049250313e-16
Grading_Date_November_17th_2015,-2.220446049250313e-16
Grading_Date_August_17th_2012,-2.220446049250313e-16
Grading_Date_August_18th_2015,-2.220446049250313e-16
Grading_Date_August_19th_2016,-2.220446049250313e-16
Grading_Date_August_1st_2012,-2.220446049250313e-16
Grading_Date_August_20th_2012,-2.220446049250313e-16
Grading_Date_August_21st_2014,-2.220446049250313e-16
Grading_Date_November_16th_2011,-2.220446049250313e-16
Grading_Date_November_15th_2017__1,-2.220446049250313e-16
Grading_Date_August_23rd_2012,-2.220446049250313e-16
Grading_Date_November_11th_2010,-2.220446049250313e-16
Grading_Date_August_25th_2014,-2.220446049250313e-16
Grading_Date_August_25th_2017,-2.220446049250313e-16
Grading_Date_August_26th_2010,-2.220446049250313e-16
Grading_Date_August_27th_2013,-2.220446049250313e-16
Grading_Date_August_27th_2015,-2.220446049250313e-16
Grading_Date_August_28th_2017,-2.220446049250313e-16
Grading_Date_August_29th_2012,-2.220446049250313e-16
Grading_Date_August_2nd_2012,-2.220446049250313e-16
Grading_Date_August_2nd_2013,-2.220446049250313e-16
Grading_Date_August_2nd_2016,-2.220446049250313e-16
Grading_Date_May_9th_2017,-2.220446049250313e-16
Grading_Date_August_30th_2013,-2.220446049250313e-16
Grading_Date_August_31st_2010,-2.220446049250313e-16
Grading_Date_May_9th_2014,-2.220446049250313e-16
Grading_Date_August_31st_2016,-2.220446049250313e-16
Grading_Date_August_14th_2014,-2.220446049250313e-16
Grading_Date_August_12th_2016,-2.220446049250313e-16
Grading_Date_August_11th_2014,-2.220446049250313e-16
Grading_Date_April_9th_2012,-2.220446049250313e-16
Grading_Date_April_19th_2017,-2.220446049250313e-16
Grading_Date_April_20th_2015,-2.220446049250313e-16
Grading_Date_April_21st_2011,-2.220446049250313e-16
Grading_Date_April_23rd_2015,-2.220446049250313e-16
Grading_Date_April_24th_2015,-2.220446049250313e-16
Grading_Date_April_25th_2014,-2.220446049250313e-16
Grading_Date_April_25th_2016,-2.220446049250313e-16
Grading_Date_November_2nd_2016,-2.220446049250313e-16
Grading_Date_April_26th_2016,-2.220446049250313e-16
Grading_Date_April_27th_2012,-2.220446049250313e-16
Region_zentla,-2.220446049250313e-16
Grading_Date_April_28th_2017,-2.220446049250313e-16
Grading_Date_April_29th_2013,-2.220446049250313e-16
Grading_Date_April_29th_2015,-2.220446049250313e-16
Grading_Date_April_19th_2013,-2.220446049250313e-16
Grading_Date_April_2nd_2014,-2.220446049250313e-16
Grading_Date_April_30th_2014,-2.220446049250313e-16
Grading_Date_April_30th_2015,-2.220446049250313e-16
Grading_Date_April_3rd_2014,-2.220446049250313e-16
Grading_Date_April_4th_2016,-2.220446049250313e-16
Grading_Date_April_5th_2012,-2.220446049250313e-16
Grading_Date_April_5th_2016,-2.220446049250313e-16
Grading_Date_November_26th_2012,-2.220446049250313e-16
Grading_Date_April_6th_2017,-2.220446049250313e-16
Grading_Date_April_7th_2014,-2.220446049250313e-16
Grading_Date_April_7th_2016,-2.220446049250313e-16
Grading_Date_November_22nd_2013,-2.220446049250313e-16
Grading_Date_April_8th_2015,-2.220446049250313e-16
Grading_Date_April_8th_2016,-2.220446049250313e-16
Grading_Date_April_9th_2010,-2.220446049250313e-16
Grading_Date_November_29th_2010,-2.220446049250313e-16
Grading_Date_October_17th_2017,-2.220446049250313e-16
Region_la_yerbabuena,-2.220446049250313e-16
Region_ywar_ngan_township,-2.220446049250313e-16
Grading_Date_October_4th_2011,-2.220446049250313e-16
Region_nayarit,-2.220446049250313e-16
Region_ngorogoro,-2.220446049250313e-16
Region_nkure_meru,-2.220446049250313e-16
Region_norte,-2.220446049250313e-16
Region_nueva_segovia,-2.220446049250313e-16
Grading_Date_October_29th_2013,-2.220446049250313e-16
Grading_Date_October_28th_2014,-2.220446049250313e-16
Region_occidental,-2.220446049250313e-16
Region_occidente,-2.220446049250313e-16
Region_ocosingo,-2.220446049250313e-16
Region_ohuapan_tlaltetela,-2.220446049250313e-16
Region_orient,-2.220446049250313e-16
Grading_Date_October_28th_2011,-2.220446049250313e-16
Grading_Date_October_27th_2017,-2.220446049250313e-16
Region_oromiya,-2.220446049250313e-16
Region_paksong_laos,-2.220446049250313e-16
Region_penachi_cecanor,-2.220446049250313e-16
Region_pereira,-2.220446049250313e-16
Region_peru,-2.220446049250313e-16
Region_petatlan,-2.220446049250313e-16
Region_phahi,-2.220446049250313e-16
Region_la_reforma_san_marcos,-2.220446049250313e-16
Grading_Date_October_26th_2016,-2.220446049250313e-16
Region_pluma_hidalogo_oaxaca,-2.220446049250313e-16
Region_pochutla,-2.220446049250313e-16
Region_province_of_manabi_ecuador,-2.220446049250313e-16
Region_nari_o,-2.220446049250313e-16
Region_naranjo,-2.220446049250313e-16
Region_nanxi_dist_tainan_city,-2.220446049250313e-16
Region_muranga,-2.220446049250313e-16
Region_leye_alishan_township_chiayi_county__1,-2.220446049250313e-16
Grading_Date_October_4th_2016,-2.220446049250313e-16
Region_lintong,-2.220446049250313e-16
Region_los_angeles,-2.220446049250313e-16
Region_mahuixtlan,-2.220446049250313e-16
Region_mantiqueira_de_minas,-2.220446049250313e-16
Region_manyara_karatu,-2.220446049250313e-16
Region_manzanillo,-2.220446049250313e-16
Region_marmelade,-2.220446049250313e-16
Grading_Date_October_4th_2013,-2.220446049250313e-16
Region_matas_de_minas,-2.220446049250313e-16
Region_mbale,-2.220446049250313e-16
Region_mbeya,-2.220446049250313e-16
Region_puno,-2.220446049250313e-16
Region_meru,-2.220446049250313e-16
Region_minas_gerais_br,-2.220446049250313e-16
Region_mkuu_rombo,-2.220446049250313e-16
Region_mmm,-2.220446049250313e-16
Region_mogiana,-2.220446049250313e-16
Region_moshi,-2.220446049250313e-16
Region_motozintla,-2.220446049250313e-16
Region_motozintla_chiapas,-2.220446049250313e-16
Region_mountain_ali_taiwan,-2.220446049250313e-16
Region_mountains_of_minas_gerais,-2.220446049250313e-16
Region_mt_elgon,-2.220446049250313e-16
Region_mt_rwenzori,-2.220446049250313e-16
Region_mubuyu_estate,-2.220446049250313e-16
Region_mumirwa,-2.220446049250313e-16
Region_meru_county,-2.220446049250313e-16
Region_pyin_oo_lwin,-2.220446049250313e-16
Region_pyinoolwin,-2.220446049250313e-16
Region_quetzaltenango,-2.220446049250313e-16
Region_taiwu_township_pingtung_county,-2.220446049250313e-16
Region_temaxcalapa,-2.220446049250313e-16
Grading_Date_October_1st_2014,-2.220446049250313e-16
Region_tepetzingo,-2.220446049250313e-16
Region_tepictla,-2.220446049250313e-16
Region_tlacuilotepec,-2.220446049250313e-16
Region_tlanchinol_hidalgo,-2.220446049250313e-16
Region_tlatlauquitepec,-2.220446049250313e-16
Region_totutla,-2.220446049250313e-16
Grading_Date_August_3rd_2015,-2.220446049250313e-16
Grading_Date_October_1st_2013,-2.220446049250313e-16
Region_turrialba,-2.220446049250313e-16
Grading_Date_October_19th_2012,-2.220446049250313e-16
Grading_Date_October_23rd_2012,-2.220446049250313e-16
Region_vietnam,-2.220446049250313e-16
Region_west_nile,-2.220446049250313e-16
Region_west_valley,-2.220446049250313e-16
Region_western_region,-2.220446049250313e-16
Grading_Date_October_18th_2016,-2.220446049250313e-16
Region_xishuangbanna_prefecture,-2.220446049250313e-16
Region_xochitonalco_huautla,-2.220446049250313e-16
Region_yajalon,-2.220446049250313e-16
Region_yauco_region,-2.220446049250313e-16
Region_yauk_sauk_shan_state,-2.220446049250313e-16
Region_yecuatla,-2.220446049250313e-16
Region_yunlin_gukeng_he_bao,-2.220446049250313e-16
Region_yunlin,-2.220446049250313e-16
Region_ywar_ngan,-2.220446049250313e-16
Region_west_and_central_valley,-2.220446049250313e-16
Region_zapotitlan_de_mendez,-2.220446049250313e-16
Region_taichung_taiping,-2.220446049250313e-16
Region_sul_de_minas_carmo_de_minas,-2.220446049250313e-16
Region_sac_n_palma_municipio_de_chil_n_chiapas,-2.220446049250313e-16
Grading_Date_October_26th_2015,-2.220446049250313e-16
Region_san_fernando,-2.220446049250313e-16
Region_san_ignacio,-2.220446049250313e-16
Region_san_isidro,-2.220446049250313e-16
Region_san_lucas_toliman_solola,-2.220446049250313e-16
Grading_Date_October_25th_2012,-2.220446049250313e-16
Region_san_miguel_del_puerto,-2.220446049250313e-16
Region_la_plata,-2.220446049250313e-16
Region_san_pedro_cotzilnam,-2.220446049250313e-16
Region_san_rafael,-2.220446049250313e-16
Region_san_ramon,-2.220446049250313e-16
Region_santa_catarina_juquila,-2.220446049250313e-16
Region_sumatra_brastagi,-2.220446049250313e-16
Region_santa_maria_sitepec,-2.220446049250313e-16
Region_sapan_toraja,-2.220446049250313e-16
Region_shizingo_village,-2.220446049250313e-16
Region_sierra_fraylesca_chiapas,-2.220446049250313e-16
Region_sierra_madre_occidental,-2.220446049250313e-16
Region_sierra_norte_yajalon_chiapas,-2.220446049250313e-16
Region_sierra_chiapas,-2.220446049250313e-16
Region_siguatepeque_comayagua,-2.220446049250313e-16
Region_sipi_mt_elgon,-2.220446049250313e-16
Region_snnp_kaffa_zone_gimbowereda,-2.220446049250313e-16
Region_snnprg_kafa_telo_woreda_shada_kebele,-2.220446049250313e-16
Region_solola,-2.220446049250313e-16
Region_southern_zomba,-2.220446049250313e-16
Grading_Date_October_23rd_2014,-2.220446049250313e-16
Region_santo_reyes_nopala,-2.220446049250313e-16
Region_villa_talea_de_castro,-2.220446049250313e-16
Grading_Date_December_21st_2011,-2.220446049250313e-16
Grading_Date_August_5th_2016,-2.220446049250313e-16
Grading_Date_June_20th_2017,-2.220446049250313e-16
Grading_Date_June_21st_2011,-2.220446049250313e-16
Grading_Date_June_21st_2012,-2.220446049250313e-16
Grading_Date_June_21st_2013,-2.220446049250313e-16
Grading_Date_June_21st_2017,-2.220446049250313e-16
Grading_Date_June_22nd_2017,-2.220446049250313e-16
Grading_Date_June_23rd_2016,-2.220446049250313e-16
Grading_Date_June_23rd_2017,-2.220446049250313e-16
Grading_Date_June_24th_2014,-2.220446049250313e-16
Grading_Date_June_25th_2014,-2.220446049250313e-16
Grading_Date_June_25th_2015,-2.220446049250313e-16
Grading_Date_June_26th_2012,-2.220446049250313e-16
Grading_Date_June_26th_2014,-2.220446049250313e-16
Grading_Date_June_26th_2017,-2.220446049250313e-16
Grading_Date_June_27th_2013,-2.220446049250313e-16
Grading_Date_June_27th_2014,-2.220446049250313e-16
Grading_Date_June_27th_2016,-2.220446049250313e-16
Grading_Date_June_28th_2016,-2.220446049250313e-16
Grading_Date_June_29th_2010,-2.220446049250313e-16
Grading_Date_June_2nd_2015,-2.220446049250313e-16
Grading_Date_June_2nd_2016,-2.220446049250313e-16
Grading_Date_June_30th_2014,-2.220446049250313e-16
Grading_Date_June_30th_2015,-2.220446049250313e-16
Grading_Date_June_30th_2017,-2.220446049250313e-16
Grading_Date_June_3rd_2013,-2.220446049250313e-16
Grading_Date_May_23rd_2015,-2.220446049250313e-16
Grading_Date_June_4th_2012,-2.220446049250313e-16
Grading_Date_June_5th_2012,-2.220446049250313e-16
Grading_Date_June_5th_2013,-2.220446049250313e-16
Grading_Date_June_20th_2014,-2.220446049250313e-16
Grading_Date_June_5th_2015,-2.220446049250313e-16
Grading_Date_May_23rd_2016,-2.220446049250313e-16
Grading_Date_June_18th_2015,-2.220446049250313e-16
Grading_Date_July_22nd_2016,-2.220446049250313e-16
Grading_Date_July_23rd_2010,-2.220446049250313e-16
Grading_Date_July_23rd_2012,-2.220446049250313e-16
Grading_Date_July_23rd_2015,-2.220446049250313e-16
Grading_Date_July_24th_2017,-2.220446049250313e-16
Grading_Date_July_25th_2012,-2.220446049250313e-16
Grading_Date_July_26th_2013,-2.220446049250313e-16
Grading_Date_July_27th_2012,-2.220446049250313e-16
Grading_Date_July_27th_2017,-2.220446049250313e-16
Grading_Date_July_28th_2014,-2.220446049250313e-16
Grading_Date_May_27th_2014,-2.220446049250313e-16
Grading_Date_July_29th_2014,-2.220446049250313e-16
Grading_Date_May_26th_2015,-2.220446049250313e-16
Grading_Date_July_31st_2015,-2.220446049250313e-16
Grading_Date_July_3rd_2015,-2.220446049250313e-16
Grading_Date_July_5th_2013,-2.220446049250313e-16
Grading_Date_July_5th_2016,-2.220446049250313e-16
Grading_Date_July_7th_2017,-2.220446049250313e-16
Grading_Date_May_26th_2014,-2.220446049250313e-16
Grading_Date_July_9th_2012,-2.220446049250313e-16
Grading_Date_June_10th_2014,-2.220446049250313e-16
Grading_Date_May_26th_2010,-2.220446049250313e-16
Grading_Date_June_11th_2015,-2.220446049250313e-16
Grading_Date_June_13th_2012,-2.220446049250313e-16
Grading_Date_June_13th_2017,-2.220446049250313e-16
Grading_Date_May_25th_2015,-2.220446049250313e-16
Grading_Date_June_15th_2016,-2.220446049250313e-16
Grading_Date_May_24th_2013,-2.220446049250313e-16
Grading_Date_June_16th_2017,-2.220446049250313e-16
Grading_Date_June_1st_2016,-2.220446049250313e-16
Grading_Date_June_5th_2017,-2.220446049250313e-16
Grading_Date_June_6th_2013,-2.220446049250313e-16
Grading_Date_June_6th_2016,-2.220446049250313e-16
Grading_Date_March_26th_2012,-2.220446049250313e-16
Grading_Date_March_26th_2015,-2.220446049250313e-16
Grading_Date_March_27th_2014,-2.220446049250313e-16
Grading_Date_March_27th_2015,-2.220446049250313e-16
Grading_Date_March_29th_2016,-2.220446049250313e-16
Grading_Date_March_2nd_2013,-2.220446049250313e-16
Grading_Date_March_30th_2015,-2.220446049250313e-16
Grading_Date_March_31st_2014,-2.220446049250313e-16
Grading_Date_March_3rd_2014,-2.220446049250313e-16
Grading_Date_March_4th_2013,-2.220446049250313e-16
Grading_Date_March_4th_2015,-2.220446049250313e-16
Grading_Date_March_5th_2012,-2.220446049250313e-16
Grading_Date_March_5th_2014,-2.220446049250313e-16
Grading_Date_May_1st_2014,-2.220446049250313e-16
Grading_Date_March_8th_2011,-2.220446049250313e-16
Grading_Date_March_8th_2013,-2.220446049250313e-16
Grading_Date_March_8th_2017,-2.220446049250313e-16
Grading_Date_March_9th_2011,-2.220446049250313e-16
Grading_Date_May_10th_2013,-2.220446049250313e-16
Grading_Date_May_10th_2017,-2.220446049250313e-16
Grading_Date_May_19th_2016,-2.220446049250313e-16
Grading_Date_May_12th_2011,-2.220446049250313e-16
Grading_Date_May_12th_2014,-2.220446049250313e-16
Grading_Date_May_19th_2015,-2.220446049250313e-16
Grading_Date_May_12th_2017,-2.220446049250313e-16
Grading_Date_May_13th_2014,-2.220446049250313e-16
Grading_Date_May_16th_2014,-2.220446049250313e-16
Grading_Date_May_16th_2016,-2.220446049250313e-16
Grading_Date_May_17th_2010,-2.220446049250313e-16
Grading_Date_March_25th_2016,-2.220446049250313e-16
Grading_Date_March_25th_2015,-2.220446049250313e-16
Grading_Date_March_24th_2014,-2.220446049250313e-16
Grading_Date_March_23rd_2017,-2.220446049250313e-16
Grading_Date_June_6th_2017,-2.220446049250313e-16
Grading_Date_June_7th_2012,-2.220446049250313e-16
Grading_Date_June_8th_2012,-2.220446049250313e-16
Grading_Date_June_9th_2014,-2.220446049250313e-16
Grading_Date_June_9th_2015,-2.220446049250313e-16
Grading_Date_May_22nd_2017,-2.220446049250313e-16
Grading_Date_March_10th_2014,-2.220446049250313e-16
Grading_Date_March_10th_2015,-2.220446049250313e-16
Grading_Date_May_22nd_2015,-2.220446049250313e-16
Grading_Date_March_11th_2015,-2.220446049250313e-16
Grading_Date_March_11th_2016,-2.220446049250313e-16
Grading_Date_March_12th_2013,-2.220446049250313e-16
Grading_Date_March_12th_2015,-2.220446049250313e-16
Grading_Date_March_13th_2014,-2.220446049250313e-16
Grading_Date_July_22nd_2014,-2.220446049250313e-16
Grading_Date_March_14th_2016,-2.220446049250313e-16
Grading_Date_May_22nd_2014,-2.220446049250313e-16
Grading_Date_March_15th_2013,-2.220446049250313e-16
Grading_Date_March_15th_2016,-2.220446049250313e-16
Grading_Date_March_16th_2012,-2.220446049250313e-16
Grading_Date_May_21st_2013,-2.220446049250313e-16
Grading_Date_March_17th_2016,-2.220446049250313e-16
Grading_Date_March_18th_2013,-2.220446049250313e-16
Grading_Date_March_18th_2014,-2.220446049250313e-16
Grading_Date_March_19th_2012,-2.220446049250313e-16
Grading_Date_May_20th_2013,-2.220446049250313e-16
Grading_Date_March_21st_2013,-2.220446049250313e-16
Grading_Date_March_21st_2014,-2.220446049250313e-16
Grading_Date_March_21st_2015,-2.220446049250313e-16
Grading_Date_March_23rd_2011,-2.220446049250313e-16
Grading_Date_March_14th_2017,-2.220446049250313e-16
Grading_Date_August_3rd_2017,-2.220446049250313e-16
Grading_Date_July_21st_2016,-2.220446049250313e-16
Grading_Date_July_21st_2014,-2.220446049250313e-16
Grading_Date_February_15th_2017,-2.220446049250313e-16
Grading_Date_February_16th_2012,-2.220446049250313e-16
Grading_Date_February_16th_2016,-2.220446049250313e-16
Grading_Date_May_5th_2015,-2.220446049250313e-16
Grading_Date_February_17th_2016,-2.220446049250313e-16
Grading_Date_February_17th_2017,-2.220446049250313e-16
Grading_Date_February_18th_2014,-2.220446049250313e-16
Grading_Date_May_5th_2014,-2.220446049250313e-16
Grading_Date_February_1st_2012,-2.220446049250313e-16
Grading_Date_February_20th_2015,-2.220446049250313e-16
Grading_Date_February_20th_2017,-2.220446049250313e-16
Grading_Date_February_22nd_2011,-2.220446049250313e-16
Grading_Date_May_4th_2011,-2.220446049250313e-16
Grading_Date_May_3rd_2013,-2.220446049250313e-16
Grading_Date_February_23rd_2016,-2.220446049250313e-16
Grading_Date_February_24th_2011,-2.220446049250313e-16
Grading_Date_February_25th_2014,-2.220446049250313e-16
Grading_Date_February_25th_2016,-2.220446049250313e-16
Grading_Date_May_31st_2013,-2.220446049250313e-16
Grading_Date_February_26th_2016,-2.220446049250313e-16
Grading_Date_February_27th_2013,-2.220446049250313e-16
Grading_Date_February_27th_2014,-2.220446049250313e-16
Grading_Date_February_27th_2015,-2.220446049250313e-16
Grading_Date_February_29th_2012,-2.220446049250313e-16
Grading_Date_February_3rd_2015,-2.220446049250313e-16
Grading_Date_February_3rd_2016,-2.220446049250313e-16
Grading_Date_February_4th_2014,-2.220446049250313e-16
Grading_Date_February_5th_2014,-2.220446049250313e-16
Grading_Date_February_6th_2014,-2.220446049250313e-16
Grading_Date_February_15th_2015,-2.220446049250313e-16
Grading_Date_February_6th_2017,-2.220446049250313e-16
Grading_Date_February_14th_2014,-2.220446049250313e-16
Grading_Date_February_13th_2015,-2.220446049250313e-16
Grading_Date_August_7th_2013,-2.220446049250313e-16
Grading_Date_August_8th_2014,-2.220446049250313e-16
Grading_Date_August_8th_2017,-2.220446049250313e-16
Grading_Date_August_9th_2016,-2.220446049250313e-16
Grading_Date_December_10th_2013,-2.220446049250313e-16
Grading_Date_December_11th_2012,-2.220446049250313e-16
Grading_Date_December_12th_2013,-2.220446049250313e-16
Grading_Date_May_9th_2013,-2.220446049250313e-16
Grading_Date_May_8th_2017,-2.220446049250313e-16
Grading_Date_December_16th_2014,-2.220446049250313e-16
Grading_Date_May_8th_2014,-2.220446049250313e-16
Grading_Date_December_18th_2014,-2.220446049250313e-16
Grading_Date_December_1st_2011,-2.220446049250313e-16
Grading_Date_May_7th_2016,-2.220446049250313e-16
Region_kilimanjaro,-2.220446049250313e-16
Grading_Date_December_21st_2015,-2.220446049250313e-16
Grading_Date_December_22nd_2011,-2.220446049250313e-16
Grading_Date_December_23rd_2011,-2.220446049250313e-16
Grading_Date_May_7th_2015,-2.220446049250313e-16
Grading_Date_December_26th_2013__1,-2.220446049250313e-16
Grading_Date_December_27th_2010,-2.220446049250313e-16
Grading_Date_December_27th_2013,-2.220446049250313e-16
Grading_Date_December_28th_2015,-2.220446049250313e-16
Grading_Date_December_28th_2016,-2.220446049250313e-16
Grading_Date_December_30th_2013,-2.220446049250313e-16
Grading_Date_December_3rd_2015,-2.220446049250313e-16
Grading_Date_December_6th_2013,-2.220446049250313e-16
Grading_Date_May_7th_2013,-2.220446049250313e-16
Grading_Date_February_13th_2013,-2.220446049250313e-16
Grading_Date_May_6th_2015,-2.220446049250313e-16
Grading_Date_May_31st_2012,-2.220446049250313e-16
Grading_Date_May_31st_2010,-2.220446049250313e-16
Grading_Date_February_8th_2012,-2.220446049250313e-16
Grading_Date_January_30th_2017,-2.220446049250313e-16
Grading_Date_January_31st_2012,-2.220446049250313e-16
Grading_Date_January_31st_2014,-2.220446049250313e-16
Grading_Date_January_3rd_2012,-2.220446049250313e-16
Grading_Date_January_3rd_2014,-2.220446049250313e-16
Grading_Date_January_4th_2011,-2.220446049250313e-16
Grading_Date_January_5th_2012,-2.220446049250313e-16
Grading_Date_January_6th_2012,-2.220446049250313e-16
Grading_Date_January_6th_2015,-2.220446049250313e-16
Grading_Date_January_8th_2013,-2.220446049250313e-16
Grading_Date_January_8th_2014,-2.220446049250313e-16
Grading_Date_January_8th_2015,-2.220446049250313e-16
Grading_Date_January_9th_2012,-2.220446049250313e-16
Grading_Date_January_9th_2013,-2.220446049250313e-16
Grading_Date_July_10th_2013,-2.220446049250313e-16
Grading_Date_May_29th_2013,-2.220446049250313e-16
Grading_Date_May_28th_2015,-2.220446049250313e-16
Grading_Date_July_15th_2014,-2.220446049250313e-16
Grading_Date_July_15th_2016,-2.220446049250313e-16
Grading_Date_July_16th_2012,-2.220446049250313e-16
Grading_Date_July_16th_2013,-2.220446049250313e-16
Grading_Date_May_28th_2014,-2.220446049250313e-16
Grading_Date_July_17th_2012,-2.220446049250313e-16
Grading_Date_July_17th_2013,-2.220446049250313e-16
Grading_Date_July_18th_2016,-2.220446049250313e-16
Grading_Date_July_19th_2011,-2.220446049250313e-16
Grading_Date_July_19th_2013,-2.220446049250313e-16
Grading_Date_July_20th_2012,-2.220446049250313e-16
Grading_Date_July_20th_2015,-2.220446049250313e-16
Grading_Date_January_2nd_2015,-2.220446049250313e-16
Grading_Date_January_2nd_2014,-2.220446049250313e-16
Grading_Date_January_29th_2015,-2.220446049250313e-16
Grading_Date_January_29th_2013,-2.220446049250313e-16
Grading_Date_February_9th_2012,-2.220446049250313e-16
Grading_Date_January_10th_2017,-2.220446049250313e-16
Grading_Date_January_11th_2018,-2.220446049250313e-16
Grading_Date_January_12th_2016,-2.220446049250313e-16
Grading_Date_January_13th_2015,-2.220446049250313e-16
Grading_Date_January_14th_2014,-2.220446049250313e-16
Grading_Date_May_30th_2014,-2.220446049250313e-16
Grading_Date_January_16th_2017,-2.220446049250313e-16
Grading_Date_May_30th_2013,-2.220446049250313e-16
Grading_Date_January_19th_2017,-2.220446049250313e-16
Grading_Date_January_19th_2018,-2.220446049250313e-16
Grading_Date_January_20th_2015,-2.220446049250313e-16
Grading_Date_May_2nd_2016,-2.220446049250313e-16
Grading_Date_January_21st_2013,-2.220446049250313e-16
Grading_Date_July_21st_2015,-2.220446049250313e-16
Grading_Date_May_2nd_2013,-2.220446049250313e-16
Grading_Date_January_22nd_2013,-2.220446049250313e-16
Grading_Date_January_22nd_2015,-2.220446049250313e-16
Grading_Date_January_22nd_2016,-2.220446049250313e-16
Grading_Date_January_23rd_2012,-2.220446049250313e-16
Grading_Date_January_23rd_2014,-2.220446049250313e-16
Grading_Date_January_24th_2013,-2.220446049250313e-16
Grading_Date_January_24th_2014,-2.220446049250313e-16
Grading_Date_January_25th_2011,-2.220446049250313e-16
Grading_Date_January_25th_2012,-2.220446049250313e-16
Grading_Date_January_25th_2016,-2.220446049250313e-16
Grading_Date_January_26th_2015,-2.220446049250313e-16
Grading_Date_January_27th_2014,-2.220446049250313e-16
Grading_Date_January_28th_2011,-2.220446049250313e-16
Grading_Date_January_28th_2014,-2.220446049250313e-16
Grading_Date_January_21st_2016,-2.220446049250313e-16
Region_kiambu,-2.220446049250313e-16
Region_kelem_welega,-2.220446049250313e-16
Grading_Date_May_18th_2010,-2.220446049250313e-16
Mill_exportadora_atlantic_sa_pp_condega,-2.220446049250313e-16
Mill_exportadora_caf_california,-2.220446049250313e-16
Mill_f_i_e_c_h,-2.220446049250313e-16
Mill_falcafe_s_a_de_c_v,-2.220446049250313e-16
Mill_faysal_abamecha_processing_plant_at_yebu_town,-2.220446049250313e-16
Mill_finca_camila,-2.220446049250313e-16
Mill_finca_custepec,-2.220446049250313e-16
Mill_finca_estate,-2.220446049250313e-16
Mill_finca_hamburgo,-2.220446049250313e-16
Mill_finca_jamaica_san_gabriel_mixtepec_juquila_oaxaca,-2.220446049250313e-16
Mill_finca_la_fortuna,-2.220446049250313e-16
Mill_finca_la_ordu_a_coatepec_ver,-2.220446049250313e-16
Mill_finca_las_nieves,-2.220446049250313e-16
Mill_exclusive_coffees_s_a,-2.220446049250313e-16
Mill_finca_mata_larga,-2.220446049250313e-16
Variety_Blue_Mountain,-2.220446049250313e-16
Mill_finca_santa_clara_localidad_de_zona_del_bul_san_pedro_pochutla_oaxaca,-2.220446049250313e-16
Mill_florencia,-2.220446049250313e-16
Grading_Date_September_9th_2016,-2.220446049250313e-16
Mill_garca_armazens,-2.220446049250313e-16
Mill_genius_coffee_estate,-2.220446049250313e-16
Mill_great_lakes_coffee,-2.220446049250313e-16
Mill_green_beans,-2.220446049250313e-16
Mill_gudmale,-2.220446049250313e-16
Mill_gumutindo,-2.220446049250313e-16
Mill_guo_cun_nong_yuan,-2.220446049250313e-16
Mill_guo_xin_ka_fei,-2.220446049250313e-16
Mill_guoxing_farm_coffee,-2.220446049250313e-16
Mill_finca_montegrande_jaltenango,-2.220446049250313e-16
Mill_ephemera_traders,-2.220446049250313e-16
Mill_en_santa_maria_temaxcalapa,-2.220446049250313e-16
Mill_en_el_progreso,-2.220446049250313e-16
Mill_dongshan_gaoyuan_village_chief_manor_coffee_tainan_taiwan,-2.220446049250313e-16
Mill_dos_puentes_de_finca_kassandra,-2.220446049250313e-16
Mill_dragon_coffee,-2.220446049250313e-16
Mill_drima_zede,-2.220446049250313e-16
Mill_dry,-2.220446049250313e-16
Mill_dry_hull,-2.220446049250313e-16
Mill_dry_in_solar_beds,-2.220446049250313e-16
Mill_ecc,-2.220446049250313e-16
Variety_Ethiopian_Yirgacheffe,-2.220446049250313e-16
Mill_echo_coffee_mill,-2.220446049250313e-16
Mill_el_borbollon,-2.220446049250313e-16
Mill_el_chipoco_municipio_de_tlanchinol,-2.220446049250313e-16
Variety_Ethiopian_Heirlooms,-2.220446049250313e-16
Mill_el_injerto_s_a,-2.220446049250313e-16
Mill_el_mavodo,-2.220446049250313e-16
Mill_el_mirador,-2.220446049250313e-16
Mill_el_morito,-2.220446049250313e-16
Mill_el_olvido_zentla_veracruz,-2.220446049250313e-16
Mill_el_pacayal_amatenango_de_la_frontera_chiapas,-2.220446049250313e-16
Mill_el_pino_cosautlan_de_carvajal,-2.220446049250313e-16
Mill_el_regadito,-2.220446049250313e-16
Mill_el_regalito,-2.220446049250313e-16
Mill_el_romnace_azul_rio_verde,-2.220446049250313e-16
Mill_el_tesoro,-2.220446049250313e-16
Mill_elida_estate,-2.220446049250313e-16
Mill_en_chiatipan_municipio_de_huazalingo,-2.220446049250313e-16
Mill_en_cortado_beneficiado_y_secado_por_el_productor,-2.220446049250313e-16
Mill_en_coyula,-2.220446049250313e-16
Mill_en_el_plan_de_guadalupe,-2.220446049250313e-16
Mill_hacienda_alto_grande,-2.220446049250313e-16
Mill_dinamo_armazens_gerais_ltda,-2.220446049250313e-16
Mill_hacienda_la_esmeralda,-2.220446049250313e-16
Mill_hani,-2.220446049250313e-16
Mill_la_tejeria,-2.220446049250313e-16
Mill_linda_vista,-2.220446049250313e-16
Mill_llano_hermoso_xochitonalco_huautla_oaxaca,-2.220446049250313e-16
Mill_local_made,-2.220446049250313e-16
Mill_los_angeles_micro_mill,-2.220446049250313e-16
Mill_los_barreales_teocelo_veracruz,-2.220446049250313e-16
Mill_los_pinoslos_pinos,-2.220446049250313e-16
Mill_m10,-2.220446049250313e-16
Mill_mazatepec_tlatlauquitepec_puebla,-2.220446049250313e-16
Region_kenya,-2.220446049250313e-16
Mill_mecatl_n_veracruz,-2.220446049250313e-16
Mill_menglian_ban_an_coffee_processing_factory,-2.220446049250313e-16
Mill_menglian_county_nayun_town_mangzhang_coffee_farm,-2.220446049250313e-16
Grading_Date_September_4th_2014,-2.220446049250313e-16
Mill_menglian_mang_pan_professional_cooperative,-2.220446049250313e-16
Mill_mmm,-2.220446049250313e-16
Mill_mojiang_jinggong_estate_speciality_development_co_ltd_mill,-2.220446049250313e-16
Mill_mondul_coffee_estate,-2.220446049250313e-16
Mill_monte_blanco,-2.220446049250313e-16
Mill_moplaco,-2.220446049250313e-16
Mill_mu_he_zi_coffee,-2.220446049250313e-16
Mill_municipio_monte_cristo_de_guerrero_chiapasmunicipio_monte_cristo_de_guerrero,-2.220446049250313e-16
Grading_Date_September_3rd_2010,-2.220446049250313e-16
Mill_ngila_estate_ltd,-2.220446049250313e-16
Mill_ngorogoro_convenant_estate,-2.220446049250313e-16
Mill_nile_highland_arabica_coffee_farmers,-2.220446049250313e-16
Mill_nitin_coffee_estate,-2.220446049250313e-16
Mill_nkg_coffee_mills,-2.220446049250313e-16
Mill_metad_plc,-2.220446049250313e-16
Mill_la_laja_pinillos_veracruz,-2.220446049250313e-16
Mill_la_herradura,-2.220446049250313e-16
Mill_la_eva,-2.220446049250313e-16
Mill_huatusco,-2.220446049250313e-16
Mill_hulling_facility,-2.220446049250313e-16
Mill_humedo_finca_santo_tomas_pachuj_y_seco_beneficio_palinsa,-2.220446049250313e-16
Mill_hustusco,-2.220446049250313e-16
Mill_hvc,-2.220446049250313e-16
Mill_ibero,-2.220446049250313e-16
Mill_iliatenco_guerrero,-2.220446049250313e-16
Grading_Date_September_7th_2015,-2.220446049250313e-16
Grading_Date_September_7th_2011,-2.220446049250313e-16
Mill_ixchel,-2.220446049250313e-16
Mill_j_hill_y_cia,-2.220446049250313e-16
Mill_j_j_borja_nathan,-2.220446049250313e-16
Mill_jacob_s_estate,-2.220446049250313e-16
Mill_jia_jia_coffee,-2.220446049250313e-16
Grading_Date_September_7th_2010,-2.220446049250313e-16
Mill_juanana_coffee_association,-2.220446049250313e-16
Mill_ka_vulungan_coffee_estate,-2.220446049250313e-16
Mill_kabum_trading_company,-2.220446049250313e-16
Mill_kalugmanan_agri_development_corp,-2.220446049250313e-16
Mill_karatu_estate,-2.220446049250313e-16
Mill_kerchanshe,-2.220446049250313e-16
Mill_kiriyama_washing_station,-2.220446049250313e-16
Grading_Date_September_5th_2013,-2.220446049250313e-16
Mill_kongoni_estate,-2.220446049250313e-16
Mill_kucofa_farmers_group,-2.220446049250313e-16
Mill_la_concordia_chiapas,-2.220446049250313e-16
Grading_Date_September_4th_2017,-2.220446049250313e-16
Mill_la_distancia,-2.220446049250313e-16
Mill_la_esperanza_municipio_juchique_de_ferrer_veracruz,-2.220446049250313e-16
Mill_hand_peeled,-2.220446049250313e-16
Mill_nkg_ck_hc_ss_kccm,-2.220446049250313e-16
Mill_dae_ltd,-2.220446049250313e-16
Mill_cruz_verde,-2.220446049250313e-16
Variety_SL28,-2.220446049250313e-16
Mill_apollo_estate,-2.220446049250313e-16
Mill_aricha_coop,-2.220446049250313e-16
Mill_armazens_gerais_cocarive,-2.220446049250313e-16
Mill_arroyo_triste_arroyo_triste_san_jose_vista_hermosa,-2.220446049250313e-16
Mill_arusha,-2.220446049250313e-16
Mill_aspinwall_co_ltd_mangalore,-2.220446049250313e-16
Mill_at_site_and_addis_ababa,-2.220446049250313e-16
Mill_bai_he_lin_coffee,-2.220446049250313e-16
Mill_baijiada_coffee_farm,-2.220446049250313e-16
Mill_baishengcun_coffee,-2.220446049250313e-16
Mill_baroida,-2.220446049250313e-16
Mill_bcu,-2.220446049250313e-16
Mill_antioquia,-2.220446049250313e-16
Mill_beneficio_atlantic_planta_procedora_condega,-2.220446049250313e-16
Mill_beneficio_cafetaleros_del_arrayanal,-2.220446049250313e-16
Mill_beneficio_casa_ruiz_s_a,-2.220446049250313e-16
Mill_beneficio_cuzcachapa,-2.220446049250313e-16
Mill_beneficio_de_cafetaleros_el_remudadero_s_p_r_de_r_l,-2.220446049250313e-16
Mill_beneficio_de_caf_tecoxolco_s_de_r_l_de_c_v,-2.220446049250313e-16
Mill_beneficio_dos_puentes,-2.220446049250313e-16
Mill_beneficio_el_grande,-2.220446049250313e-16
Mill_beneficio_el_morito,-2.220446049250313e-16
Mill_beneficio_humedo,-2.220446049250313e-16
Variety_Ruiru_11,-2.220446049250313e-16
Mill_beneficio_la_igualdad,-2.220446049250313e-16
Mill_beneficio_las_brisas,-2.220446049250313e-16
Mill_beneficio_las_tres_puertas,-2.220446049250313e-16
Mill_beneficio_atlantic_sebaco,-2.220446049250313e-16
Variety_SL34,-2.220446049250313e-16
Mill_amsa_tuxtla,-2.220446049250313e-16
Mill_amsa_oaxaca,-2.220446049250313e-16
Certification_Body_Torch_Coffee_Lab_Yunnan,-2.220446049250313e-16
Certification_Body_Tanzanian_Coffee_Board,-2.220446049250313e-16
Certification_Body_Salvadoran_Coffee_Council,-2.220446049250313e-16
Country_of_Origin_Burundi,-2.220446049250313e-16
Certification_Body_Centro_Agroecol_gico_del_Caf_A_C,-2.220446049250313e-16
Certification_Body_Central_De_Organizaciones_Productoras_De_Caf_y_Cacao_Del_Per_Central_Caf_Cacao,-2.220446049250313e-16
Country_of_Origin_Cote_d_Ivoire,-2.220446049250313e-16
Country_of_Origin_Ecuador,-2.220446049250313e-16
Certification_Body_Blossom_Valley_International__1,-2.220446049250313e-16
Country_of_Origin_India,-2.220446049250313e-16
Country_of_Origin_Japan,-2.220446049250313e-16
Country_of_Origin_Laos,-2.220446049250313e-16
Country_of_Origin_Mauritius,-2.220446049250313e-16
Country_of_Origin_Papua_New_Guinea,-2.220446049250313e-16
Country_of_Origin_Philippines,-2.220446049250313e-16
Country_of_Origin_Rwanda,-2.220446049250313e-16
Country_of_Origin_United_States_Puerto_Rico,-2.220446049250313e-16
Country_of_Origin_Unknown,-2.220446049250313e-16
Country_of_Origin_Zambia,-2.220446049250313e-16
Mill_17_18,-2.220446049250313e-16
Variety_Sumatra_Lintong,-2.220446049250313e-16
Mill_a_shu_she_coffee,-2.220446049250313e-16
Mill_ac_la_laja_sa_de_cv,-2.220446049250313e-16
Mill_ada_farm,-2.220446049250313e-16
Variety_Sulawesi,-2.220446049250313e-16
Mill_alcafe_s_a_de_c_v,-2.220446049250313e-16
Mill_alicia_s_farm,-2.220446049250313e-16
Mill_alishan_zou_zhu_yuan,-2.220446049250313e-16
Mill_amkeni_gourmet_coffee_group,-2.220446049250313e-16
Mill_beneficio_nueva_granada,-2.220446049250313e-16
Mill_cuauhtemoc_321_col_trinidad_de_las_huertas,-2.220446049250313e-16
Mill_beneficio_palinsa,-2.220446049250313e-16
Mill_beneficio_san_fernando,-2.220446049250313e-16
Mill_cauca,-2.220446049250313e-16
Mill_central_kenya_coffee_mills,-2.220446049250313e-16
Mill_chang_yu_liang,-2.220446049250313e-16
Mill_cigrah,-2.220446049250313e-16
Variety_Marigojipe,-2.220446049250313e-16
Mill_ckcm,-2.220446049250313e-16
Mill_ckcm_nkg,-2.220446049250313e-16
Mill_cnra_station_of_divo,-2.220446049250313e-16
Mill_coatepec_ver,-2.220446049250313e-16
Mill_coffee_business_center_cbc_dry_mill,-2.220446049250313e-16
Mill_coffee_processing_and_warehouse_enterpri,-2.220446049250313e-16
Mill_cohorsil,-2.220446049250313e-16
Mill_comitla,-2.220446049250313e-16
Mill_cartago,-2.220446049250313e-16
Mill_comunidad_de_sac_n_palma_municipio_de_chil_n_chiapas,-2.220446049250313e-16
Mill_coocafe_r_l,-2.220446049250313e-16
Mill_coop_hoja_blanca_fedecocagua,-2.220446049250313e-16
Mill_coopeagri,-2.220446049250313e-16
Mill_cooperative_agro_industrielle_de_marmela,-2.220446049250313e-16
Mill_coopetarraz,-2.220446049250313e-16
Variety_Mandheling,-2.220446049250313e-16
Mill_copag_varginha_mg,-2.220446049250313e-16
Mill_copag_armaz_ns_gerais_ltda,-2.220446049250313e-16
Mill_cordoba_ver,-2.220446049250313e-16
Mill_coricafe_sa,-2.220446049250313e-16
Mill_corral_del_diablo_lote_1,-2.220446049250313e-16
Mill_corta_pico_balbino_ramirez,-2.220446049250313e-16
Mill_cosautlan_de_carvajal_veracruz_m_xico,-2.220446049250313e-16
Mill_concepcion,-2.220446049250313e-16
Mill_carapina_armazens_gerais,-2.220446049250313e-16
Mill_carapina,-2.220446049250313e-16
Mill_canoa_manzanillo,-2.220446049250313e-16
Mill_beneficio_santa_rosa_s_a,-2.220446049250313e-16
Mill_beneficio_seco_de_cafe_de_la_soc_coop_tzotzilotic_tzobolotic_scl,-2.220446049250313e-16
Mill_beneficio_soppexcca,-2.220446049250313e-16
Variety_Pache_Comun,-2.220446049250313e-16
Mill_bener_meriah_gayo,-2.220446049250313e-16
Mill_bi_yun_si_shi_yi,-2.220446049250313e-16
Mill_bogota,-2.220446049250313e-16
Mill_bogota_bachue,-2.220446049250313e-16
Mill_bonanza_armenia,-2.220446049250313e-16
Mill_bucaramanga,-2.220446049250313e-16
Mill_buenas_vista_municipio_de_san_bartolo_tutotepec,-2.220446049250313e-16
Mill_bukonzo_joint_cfs,-2.220446049250313e-16
Mill_bulamburi_coffee_farmers,-2.220446049250313e-16
Mill_burka_coffee_estates,-2.220446049250313e-16
Mill_burka_gudina,-2.220446049250313e-16
Mill_cafeco_3,-2.220446049250313e-16
Mill_cafes_de_naranjal_s_a_de_c_v,-2.220446049250313e-16
Variety_Pacamara,-2.220446049250313e-16
Mill_cafes_tomari_sa_de_cv,-2.220446049250313e-16
Mill_cafetal_la_ordu_a,-2.220446049250313e-16
Mill_cafetal_santa_maria,-2.220446049250313e-16
Mill_cafetal_sinai,-2.220446049250313e-16
Mill_cafetalera_aquiares,-2.220446049250313e-16
Variety_Moka_Peaberry,-2.220446049250313e-16
Mill_cafetaleros_de_la_yerbabuena_spr_de_rl,-2.220446049250313e-16
Mill_cafex,-2.220446049250313e-16
Mill_cafico,-2.220446049250313e-16
Mill_caf_do_para_so,-2.220446049250313e-16
Mill_caf_don_balbino,-2.220446049250313e-16
Mill_beneficio_san_diego,-2.220446049250313e-16
Mill_none,-2.220446049250313e-16
Mill_mcomafa,-2.220446049250313e-16
Mill_olam,-2.220446049250313e-16
Region_bondowoso,-2.220446049250313e-16
Region_brunca,-2.220446049250313e-16
Region_bukidnon_mindanao_philppines,-2.220446049250313e-16
Region_cacahuatique,-2.220446049250313e-16
Region_cajamarca,-2.220446049250313e-16
Region_calnali_hidalgo,-2.220446049250313e-16
Region_campos_altos_cerrado,-2.220446049250313e-16
Region_canoas,-2.220446049250313e-16
Region_carmo_de_minas,-2.220446049250313e-16
Grading_Date_September_17th_2015,-2.220446049250313e-16
Region_central_america,-2.220446049250313e-16
Region_central_kenya,-2.220446049250313e-16
Region_central_region,-2.220446049250313e-16
Grading_Date_September_16th_2012,-2.220446049250313e-16
Region_cerrado_monte_carmelo_minas_gerais,-2.220446049250313e-16
Region_chamarel_south_west,-2.220446049250313e-16
Region_chapad_o_de_ferro_cerrado_mineiro,-2.220446049250313e-16
Region_chapulhuacan_hidalgo,-2.220446049250313e-16
Region_chiang_rai,-2.220446049250313e-16
Region_chiang_rai_thailand,-2.220446049250313e-16
Region_chiangrai,-2.220446049250313e-16
Region_chiapas_jaltenango,-2.220446049250313e-16
Grading_Date_September_15th_2015,-2.220446049250313e-16
Region_chickmangalore,-2.220446049250313e-16
Region_chil_n,-2.220446049250313e-16
Region_chuva_san_marcos,-2.220446049250313e-16
Region_cnra_station_of_divo,-2.220446049250313e-16
Region_blida_kercha_guji_oromia,-2.220446049250313e-16
Region_coatepec_coatepec,-2.220446049250313e-16
Region_blend,-2.220446049250313e-16
Region_bener_meriah,-2.220446049250313e-16
Mill__6,-2.220446049250313e-16
Mill__7,-2.220446049250313e-16
Mill__8,-2.220446049250313e-16
Mill_lin_yuan_coffee,-2.220446049250313e-16
Mill__9,-2.220446049250313e-16
Mill__10,-2.220446049250313e-16
Mill__11,-2.220446049250313e-16
Grading_Date_September_21st_2016,-2.220446049250313e-16
Grading_Date_September_20th_2016,-2.220446049250313e-16
Region_aceh,-2.220446049250313e-16
Region_aceh_gayo,-2.220446049250313e-16
Region_ada_okinawa_japan,-2.220446049250313e-16
Region_addis_ababa,-2.220446049250313e-16
Region_adolfo_lopez_mateos,-2.220446049250313e-16
Region_aldea_xeucalvitz_ixil_region_quiche_department,-2.220446049250313e-16
Region_alta_paulista_sao_paulo,-2.220446049250313e-16
Region_amatenango_de_la_frontera,-2.220446049250313e-16
Grading_Date_September_1st_2017,-2.220446049250313e-16
Mill_nyapea,-2.220446049250313e-16
Region_aricha,-2.220446049250313e-16
Grading_Date_September_19th_2017,-2.220446049250313e-16
Region_arusha_meru,-2.220446049250313e-16
Region_asia_pacific,-2.220446049250313e-16
Region_atitlan,-2.220446049250313e-16
Region_atoyac_de_alvarez,-2.220446049250313e-16
Region_baihe_dist_tainan_city,-2.220446049250313e-16
Region_bali,-2.220446049250313e-16
Region_berastagi,-2.220446049250313e-16
Mill__5,-2.220446049250313e-16
Region_cofradia_de_suchitlan,-2.220446049250313e-16
Region_comayagua_honduras,-2.220446049250313e-16
Region_high_mogiana,-2.220446049250313e-16
Region_huanuco,-2.220446049250313e-16
Region_huautla_de_jimenez,-2.220446049250313e-16
Grading_Date_September_11th_2012,-2.220446049250313e-16
Region_huila_supremo,-2.220446049250313e-16
Region_hustusco,-2.220446049250313e-16
Region_ijen,-2.220446049250313e-16
Region_ikand_village,-2.220446049250313e-16
Region_iliatenco_guerrero,-2.220446049250313e-16
Region_ilomba_vilage_mbozi,-2.220446049250313e-16
Region_indonesia,-2.220446049250313e-16
Grading_Date_October_9th_2017,-2.220446049250313e-16
Region_iwala_village_mbeya_rural,-2.220446049250313e-16
Grading_Date_October_9th_2012,-2.220446049250313e-16
Grading_Date_October_7th_2014,-2.220446049250313e-16
Region_juchique_de_ferrer,-2.220446049250313e-16
Region_juquila,-2.220446049250313e-16
Region_kakoma,-2.220446049250313e-16
Region_kapchorwa,-2.220446049250313e-16
Region_kapchorwa_eastern,-2.220446049250313e-16
Region_karatu_arusha,-2.220446049250313e-16
Region_karatu_ngorogoro,-2.220446049250313e-16
Region_karatu_northern,-2.220446049250313e-16
Region_kasese,-2.220446049250313e-16
Region_kasese_mt_rwenzori,-2.220446049250313e-16
Region_kayanza,-2.220446049250313e-16
Region_kefa_zone_gimbo_distict_at_a_place_called_woka_araba_south_west_ethiopia,-2.220446049250313e-16
Region_haiti,-2.220446049250313e-16
Region_colima,-2.220446049250313e-16
Region_guji_hambela,-2.220446049250313e-16
Region_guayata,-2.220446049250313e-16
Region_cordoba,-2.220446049250313e-16
Region_corillera_administrative,-2.220446049250313e-16
Region_coscomatepec,-2.220446049250313e-16
Region_costa_rica,-2.220446049250313e-16
Grading_Date_September_14th_2015,-2.220446049250313e-16
Region_dala,-2.220446049250313e-16
Region_dipilto_nueva_segovia,-2.220446049250313e-16
Region_doi_chaang_village_chiang_rai_thialand,-2.220446049250313e-16
Region_dolok_sanggul,-2.220446049250313e-16
Grading_Date_September_12th_2014,-2.220446049250313e-16
Region_dongshan_dist_tainan_city,-2.220446049250313e-16
Grading_Date_September_12th_2012,-2.220446049250313e-16
Region_east_java,-2.220446049250313e-16
Region_eastern,-2.220446049250313e-16
Region_eastern_highlands_province,-2.220446049250313e-16
Region_eje_cafetero,-2.220446049250313e-16
Region_el_balsamo_quezaltepec,-2.220446049250313e-16
Region_el_desmoronado_talpan_de_allende_jalisco,-2.220446049250313e-16
Region_el_para_so,-2.220446049250313e-16
Region_el_progreso,-2.220446049250313e-16
Region_el_tumbador_san_marcos,-2.220446049250313e-16
Region_escuitla,-2.220446049250313e-16
Region_ethiopia_sidamo,-2.220446049250313e-16
Region_fln_mirador,-2.220446049250313e-16
Region_fort_n_de_las_flores,-2.220446049250313e-16
Region_gedio,-2.220446049250313e-16
Region_gicumbi,-2.220446049250313e-16
Region_guinope_el_para_so,-2.220446049250313e-16
Mill_hoe_vs_flower_coffee_farm,-2.220446049250313e-16
Region_apaneca,-2.220446049250313e-16
Mill__4,-2.220446049250313e-16
Mill_santa_adelaida,-2.220446049250313e-16
Mill_santa_maria_siltepec,-2.220446049250313e-16
Mill_santa_maria_temaxcalapa,-2.220446049250313e-16
Mill_sapan_toraja,-2.220446049250313e-16
Mill_sarimakmur,-2.220446049250313e-16
Mill_sasini,-2.220446049250313e-16
Mill_sasini_kofinaf_mills,-2.220446049250313e-16
Mill_sasini_mills,-2.220446049250313e-16
Mill_sasini_mills_thika_cofee_mills,-2.220446049250313e-16
Mill_seid_damtew_coffee_export_and_plantation,-2.220446049250313e-16
Mill_selian_coffee_estate,-2.220446049250313e-16
Grading_Date_September_29th_2015,-2.220446049250313e-16
Mill_4_88,-2.220446049250313e-16
Mill_shah_plantation,-2.220446049250313e-16
Mill_shangrilla_estate_ltd,-2.220446049250313e-16
Mill_sheng_he_shang_pin_coffee,-2.220446049250313e-16
Mill_shi_fang_yuan,-2.220446049250313e-16
Mill_shwe_yin_mar,-2.220446049250313e-16
Mill_soc_coop_de_caf_de_ciudad_barrios_de_r_l,-2.220446049250313e-16
Mill_sogestal_mumirwa,-2.220446049250313e-16
Mill_song_yue_coffee,-2.220446049250313e-16
Mill_spot,-2.220446049250313e-16
Mill_sunshine_valley_estate,-2.220446049250313e-16
Mill_taiwan_hao_ka,-2.220446049250313e-16
Grading_Date_September_28th_2017,-2.220446049250313e-16
Mill_tepictla_y_xalapa_veracruz,-2.220446049250313e-16
Mill_the_beneficio_is_designed_to_be_ecologic,-2.220446049250313e-16
Mill_san_pedro_cotzilnam_municipio_de_aldama_chiapas,-2.220446049250313e-16
Mill_san_miguel,-2.220446049250313e-16
Mill_san_jos_y_el_portillo,-2.220446049250313e-16
Mill_san_jos_neiva,-2.220446049250313e-16
Mill_olam_honduras,-2.220446049250313e-16
Mill_only_dry_mill,-2.220446049250313e-16
Mill_organizacion_union_de_ejidos_adolfo_lopez_mateos,-2.220446049250313e-16
Mill_pacho_viejo,-2.220446049250313e-16
Mill_palinsa_beneficiado_seco_santo_tomas_pachuj_beneficiado_humedo,-2.220446049250313e-16
Mill_palo_blanco_tlacuilotepec_puebla,-2.220446049250313e-16
Mill_pasto,-2.220446049250313e-16
Mill_pe_a_campana,-2.220446049250313e-16
Mill_planta_procesadora_sebaco,-2.220446049250313e-16
Mill_popay_n,-2.220446049250313e-16
Mill_premium_grade_a,-2.220446049250313e-16
Mill_procesadora_del_sur_sa,-2.220446049250313e-16
Mill_productos_organicos_de_canoas_spr_de_rl,-2.220446049250313e-16
Mill_tlamatoca_hutusco_ver,-2.220446049250313e-16
Mill_pt_menacom,-2.220446049250313e-16
Mill_pu_er_lingdu_yunlin_coffee_co_ltd_mill,-2.220446049250313e-16
Mill_puer_jiangcheng_fuwang_coffee_biotechnology_co_ltd,-2.220446049250313e-16
Mill_pu_er_specialty_coffee_cupping_center,-2.220446049250313e-16
Mill_r_w_j_wallace_ltd,-2.220446049250313e-16
Mill_rafiki_coffee_limited,-2.220446049250313e-16
Mill_rancho_los_laureles,-2.220446049250313e-16
Mill_rancho_vigia,-2.220446049250313e-16
Mill_rio_hamaca,-2.220446049250313e-16
Mill_rio_jorco,-2.220446049250313e-16
Mill_sac_n_palma,-2.220446049250313e-16
Mill_san_carlos,-2.220446049250313e-16
Mill_san_diego_buena_vista,-2.220446049250313e-16
Mill_san_fernando_chiapas,-2.220446049250313e-16
Mill_pt_olam_indonesia,-2.220446049250313e-16
Mill_tlavictepan_huatusco,-2.220446049250313e-16
Mill_several_coricafe_dry_mill,-2.220446049250313e-16
Mill_tokoffee,-2.220446049250313e-16
Mill_tuxpal,-2.220446049250313e-16
Mill_ugacof,-2.220446049250313e-16
Mill_utcam_usine_traitement_cafe_marmelade,-2.220446049250313e-16
Mill_various_smallholders_wet_mills,-2.220446049250313e-16
Mill_very_famous_intl,-2.220446049250313e-16
Mill_villa_talea_de_castro_oaxaca,-2.220446049250313e-16
Mill_wolensu,-2.220446049250313e-16
Mill_worka,-2.220446049250313e-16
Grading_Date_September_23rd_2013,-2.220446049250313e-16
Mill_xu_yuan_zhang,-2.220446049250313e-16
Mill_yajalon_chiapas,-2.220446049250313e-16
Mill_yes,-2.220446049250313e-16
Mill_you_siang_coffee_farmtainan_taiwan,-2.220446049250313e-16
Mill_yu_jin_gui,-2.220446049250313e-16
Mill_yun_lan_coffee_co_ltd_mill,-2.220446049250313e-16
Mill_yunnan_louis_herbs_r_d_center,-2.220446049250313e-16
Mill_zapotitlan_de_mendez_puebla,-2.220446049250313e-16
Grading_Date_September_22nd_2011,-2.220446049250313e-16
Mill_zaragoza_montelibano_pamal_navil,-2.220446049250313e-16
Mill_zhang_li_hong_coffee,-2.220446049250313e-16
Mill_zhuo_wu_shan_coffee,-2.220446049250313e-16
Mill,-2.220446049250313e-16
Mill__1,-2.220446049250313e-16
Mill__2,-2.220446049250313e-16
Mill__3,-2.220446049250313e-16
Mill_tutunze_kahawa_ltd,-2.220446049250313e-16
Mill_tulla_coffee_farm,-2.220446049250313e-16
Grading_Date_May_18th_2017,-2.220446049250313e-16
Mill_trilladora_picale_a,-2.220446049250313e-16
Grading_Date_September_27th_2017,-2.220446049250313e-16
Mill_trilladora_asia,-2.220446049250313e-16
Mill_triladora_bonanza,-2.220446049250313e-16
Mill_tropica_galliard,-2.220446049250313e-16
Mill_triladora_bonanza_armenia,-2.220446049250313e-16
Mill_trilladora_europa,-2.220446049250313e-16
Mill_en_ahuatitlan,-1.7763568394002506e-16
Region_vale_da_grama,5.644963391393531e-07
Grading_Date_June_17th_2010,8.32150888406158e-05
Grading_Date_March_28th_2015,8.804473652697098e-05
Grading_Date_September_10th_2012,0.00013015945799250695
Variety_Peaberry,0.00016149766411444055
Region_coatepec,0.00017397478944052301
Certification_Body_NUCOFFEE,0.00018119830860463537
Mill_doi_tung_development_project,0.0001868890940250445
Country_of_Origin_Myanmar,0.0001886127686773431
Certification_Body_Coffee_Quality_Institute,0.0002415914391538987
Grading_Date_April_26th_2014,0.00024813686179623316
Mill_trilladora_agricola,0.0002588802186435313
Color_Bluish_Green,0.0003400596308999582
Processing_Method_Unknown,0.00036440081608546393
Region_mexico,0.0003983898533406194
Country_of_Origin_Panama,0.00042474640769212256
Region_eastern_uganda,0.00044124457910612593
In_Country_Partner_NUCOFFEE,0.00044192023316846907
In_Country_Partner_Coffee_Quality_Institute,0.0004448999409758958
In_Country_Partner_Almacaf,0.0005991435930991606
Grading_Date_April_4th_2015,0.0007680643811693866
Mill_beneficio_2000,0.0008016579836118253
Region_boquete,0.0008250194723023796
Grading_Date_July_17th_2015,0.000843291407943525
Variety_Gesha,0.000852736838612067
Processing_Method_Other,0.0008627126712693834
Region_nuevo_oriente,0.0008821518783403981
Grading_Date_June_16th_2014,0.0009595992203242254
Grading_Date_April_6th_2011,0.0009788427543624412
Mill_dry_mill,0.0010502443420120412
Country_of_Origin_Malawi,0.0010740561552939453
Grading_Date_October_20th_2017,0.0011644861638659965
Grading_Date_January_13th_2012,0.0013458581022101513
Bag_Weight,0.001427714716228845
Region_leye_alishan_township_chiayi_county,0.0014538411500973237
Certification_Body_Almacaf,0.0014571354431300865
Country_of_Origin_Peru,0.001541967938390254
Grading_Date_January_22nd_2014,0.0015931621871807967
Mill_taylor_winch_t_ltd,0.001709571127212106
Mill_beneficio_siembras_vision_154,0.0018623249852699254
Coffee_Age,0.0018704227322878797
Mill_mzuzu_coffee_coop_union,0.0019373154411883586
Processing_Method_Pulped_natural_honey,0.0019483456475552607
Mill_trilladora_boananza,0.0019646655107275813
Region_sacatepequez_guatemala,0.002017995028789343
Mill_matsuzawa_coffee,0.002088686037422738
Region_yirgacheffe,0.002115725400502644
Grading_Date_July_3rd_2012,0.0021981106860366586
Certification_Body_Specialty_Coffee_Association_of_Indonesia,0.0022322207790975933
Variety_Catimor,0.0023405543556350938
Country_of_Origin_Indonesia,0.0023513689950978023
Grading_Date_March_20th_2013,0.0024784910778719027
In_Country_Partner_Specialty_Coffee_Association_of_Indonesia,0.002530603761734218
Region_monte_carmelo,0.002544416349161338
Region_grama_valley,0.002628416010773593
Region_santa_rosa,0.0026682930573985963
Grading_Date_September_3rd_2013,0.002707799121133547
Region_mzuzu,0.0027440174442025177
Region_sidamo,0.00276803651561619
Mill__12,0.002869149845143637
Grading_Date_September_4th_2012,0.00304533763656889
Region_huehuetenango,0.0030504813145220576
Mill_beneficio_monta_as_del_diamante,0.0031102733766970037
Mill_ipanema_coffees,0.0032664035603367837
Region_mbinga,0.0032762289253772
Region_cundinamarca,0.003381538462226041
Variety_Pacas,0.0035017290433090762
Mill_beneficio_serben,0.00368425033893085
Quakers,0.0037676294001057096
Region_comayagua,0.0038026741759917826
Grading_Date_October_8th_2015,0.00402333634718568
Grading_Date_December_8th_2017,0.004255630452536829
Mill_cigrah_s_a_de_c_v,0.0043189962026048525
Region_veracruz,0.004383419907809616
Grading_Date_September_27th_2012,0.004444535535581951
Processing_Method_Washed_Wet,0.004465287798798956
Mill_tsoustructive_garden,0.004515888200055151
Mill_sagana,0.004524351824388306
Grading_Date_April_14th_2014,0.0045496359200240645
Certification_Body_Yunnan_Coffee_Exchange,0.004694882003854595
Grading_Date_September_13th_2012,0.004766444380737233
Region_oaxaca,0.004831219619463667
Region_nyeri,0.0049159618938833475
In_Country_Partner_Yunnan_Coffee_Exchange,0.0051842576150632706
Grading_Date_July_2nd_2012,0.005260366697237862
Grading_Date_May_18th_2016,0.005414875640373529
Certification_Body_Ethiopia_Commodity_Exchange,0.005668769072196644
Region_talpa_de_allende,0.005698184937485884
Mill_el_desmoronado,0.005845329023103396
Region_central_valley,0.005974923066737725
Country_of_Origin_Vietnam,0.0059859956333650375
In_Country_Partner_Brazil_Specialty_Coffee_Association,0.006011107234432522
Variety_Hawaiian_Kona,0.0060134905877064606
Country_of_Origin_Costa_Rica,0.006106905691717746
Variety_Unknown,0.0061150443951046626
Color_Green,0.006118297321488742
Mill_cafetalera_la_cuchilla,0.006523395365273865
Certification_Body_Blossom_Valley_International,0.006523665484690966
Region_jaltenango,0.006834359506676391
In_Country_Partner_Ethiopia_Commodity_Exchange,0.006877885421700913
Region_tuxtla_gutierrez,0.00745772205236186
Region_cauca,0.007530599060437737
Mill_neiva,0.007562680581625925
Grading_Date_February_17th_2012,0.007601628043472308
Mill_apollo_co_ltd,0.007612712728382176
Region_antigua,0.007659357517993337
Region_don_duong,0.007674979711757945
Region_kona,0.008483723098887142
Grading_Date_July_8th_2015,0.008703188367432845
Mill_pt_perkebunan_nusantara_xii,0.009033677056135137
Category_Two_Defects,0.009132401162369064
Grading_Date_December_15th_2014,0.009185567719955667
In_Country_Partner_Blossom_Valley_International,0.009191405291030375
Region_jinotega,0.009232474268396285
Mill_zaragoza_itundujia_oaxaca,0.009429064484668181
Mill_la_conquista,0.009629399998902688
Mill_ipanema_comercial_e_exportadora_sa,0.009802789764214425
Mill_jing_jing_caf,0.009942433396601658
Mill_cafes_finos_de_exportacion_s_de_r_l,0.01005206122239688
Mill_la_yerba,0.010123579675718197
Grading_Date_October_31st_2014,0.010418863127476996
Grading_Date_June_14th_2011,0.010450599487961076
Certification_Body_Brazil_Specialty_Coffee_Association,0.010490010151246265
Region_zaragoza_itundujia,0.010563658072663662
Region_intibuca,0.010668320575057288
Grading_Date_February_1st_2011,0.010945650937731744
Grading_Date_March_1st_2011,0.010985463579478516
Grading_Date_April_8th_2014,0.011169542525739696
Color_Unknown,0.012264043274715686
Mill_copag,0.012579797682589034
Grading_Date_March_15th_2011,0.012893579899447838
Grading_Date_January_21st_2014,0.012916402039250884
Mill_trilladora_bonanza_armenia_quindio,0.01325027026785559
Country_of_Origin_United_States_Hawaii,0.013298070060790933
Mill_cafe_altura_de_san_ramon,0.013649503635234784
Mill_cafetal_el_equimite_rancho_agroecol_gico,0.01376879130100126
Mill_via_seca,0.014405364394647924
Grading_Date_December_12th_2014,0.014468141459216221
Variety_Yellow_Bourbon,0.014494192401292062
Variety_Mundo_Novo,0.014971531439686103
Region_san_bartolo_tutotepec,0.015041409006330974
Grading_Date_March_11th_2013,0.015647705255274057
Certification_Body_Specialty_Coffee_Association_of_Costa_Rica,0.01633381825946607
In_Country_Partner_Specialty_Coffee_Association_of_Costa_Rica,0.016549807725630174
Region_cuarente_o,0.016933261858071445
Grading_Date_February_7th_2014,0.016997331723433005
Grading_Date_October_16th_2014,0.017221944799526278
Mill_beneficio_exportacafe_agua_santa,0.017486709509370525
Grading_Date_January_15th_2015,0.018175596630405043
Country_of_Origin_Haiti,0.018221498729615915
Region_arusha,0.018377934204076674
Grading_Date_February_22nd_2012,0.018808410311531975
Grading_Date_November_16th_2015,0.018836986732303496
Mill_gao_chun_fang,0.018897215927392175
Grading_Date_February_13th_2017,0.019005940477883822
Grading_Date_June_9th_2016,0.019058458293661394
Grading_Date_July_16th_2014,0.019803340100813173
Grading_Date_June_16th_2010,0.019814299216624632
Mill_finca_los_barreales,0.020165571627308275
Grading_Date_May_11th_2017,0.02065705961940174
Grading_Date_July_29th_2011,0.021162047902898086
Grading_Date_September_14th_2012,0.021302609531886053
Grading_Date_December_26th_2013,0.021845974168531825
Grading_Date_April_30th_2012,0.02194574603323094
Region_acatenango,0.022398564009506527
Grading_Date_September_20th_2011,0.02292863884421572
Region_tenango_de_doria_hidalgo,0.023161132394044603
Grading_Date_June_3rd_2017,0.023437184476059202
Region_huazalingo_hidalgo,0.023639119817377853
Processing_Method_Semi_washed_Semi_pulped,0.023773383325578833
Grading_Date_December_20th_2013,0.024125056993465187
Grading_Date_December_17th_2014,0.025468002561715462
Grading_Date_August_23rd_2011,0.025539173757320156
Mill_las_americas,0.02575944501853957
Grading_Date_August_16th_2016,0.025944303175829166
Grading_Date_August_23rd_2017,0.026343199981045107
Mill_tembo_coffee_company_ltd,0.026553034137437016
Grading_Date_November_27th_2015,0.026891106893704952
Grading_Date_July_11th_2012,0.027355273632380904
Region_oromia,0.02758772447766278
Grading_Date_January_17th_2014,0.027722313069811478
Grading_Date_March_7th_2014,0.027843614873751886
In_Country_Partner_Specialty_Coffee_Association,0.028048897254967554
Variety_Caturra,0.02826013608221074
Region_limu,0.0282762352584915
Country_of_Origin_Ethiopia,0.02858604779324181
Grading_Date_February_7th_2013,0.02901696560238327
Region_la_concordia_chiapas,0.029189343735835305
Mill_internacional_armazens_gerais,0.03025050667303395
Region_jalapa,0.03057592136999019
Grading_Date_January_20th_2017,0.030613221110535084
Region_chiayi_alishan,0.03088357301569138
Country_of_Origin_Nicaragua,0.03167957528302434
Country_of_Origin_Guatemala,0.03189405010569324
Grading_Date_May_22nd_2012,0.03333315812955173
Certification_Body_Asociaci_n_de_Caf_s_Especiales_de_Nicaragua,0.03362050725359382
In_Country_Partner_Asociaci_n_de_Caf_s_Especiales_de_Nicaragua,0.03380627311976103
Certification_Body_METAD_Agricultural_Development_plc,0.033925614205036994
Mill_beneficio_valparaiso,0.03477452750941361
Mill_finca_quequesquez,0.03529602070517131
Grading_Date_August_30th_2012,0.03577059552472846
Certification_Body_Specialty_Coffee_Association,0.03602988989160969
Grading_Date_November_19th_2015,0.036071489013697854
Region_taichung_xinshe,0.036134498770904244
Grading_Date_July_14th_2015,0.036174570741073
Region_huila,0.03707295829111286
Region_tres_rios,0.037134163360872385
Mill_el_patalillo,0.037134163360872385
Mill_several,0.03727786038263518
In_Country_Partner_METAD_Agricultural_Development_plc,0.03830725769548149
Grading_Date_May_23rd_2012,0.03863599124220918
Grading_Date_August_16th_2011,0.038821395490972764
Region_sul_de_minas,0.03978137583621284
Grading_Date_February_23rd_2012,0.039841721922937536
Mill_angel_albino_corzo_chiapas,0.04023415831083321
Variety_Sumatra,0.04289342469577066
Grading_Date_June_1st_2017,0.04324874308877722
Region_pitalito,0.04363449632712872
Grading_Date_September_13th_2013,0.0436809935668069
Region_matagalpa,0.04388464827995664
Mill_dragon_coffee__1,0.04402278276459777
Grading_Date_June_10th_2015,0.04473251792839918
Grading_Date_November_23rd_2014,0.04482839914804733
Certification_Body_Asociacion_Nacional_Del_Caf,0.04528624722094112
Country_of_Origin_Taiwan,0.0476462148186334
Mill_Unknown,0.04832627819442985
Mill_beneficio_san_carlos,0.049314086133158644
In_Country_Partner_Asociacion_Nacional_Del_Caf,0.05019214314576481
Grading_Date_August_31st_2012,0.051246729430137486
Region_natou_county,0.05164821865319795
Mill_kona_pacific_farmers_cooperative,0.05226328455456804
Country_of_Origin_Colombia,0.05397763753632483
Grading_Date_February_26th_2013,0.05485183911595355
Region_Unknown,0.056383747212372756
Mill_ecc_beneficio_veracruz,0.057251733137708524
Region_san_marcos,0.05962146469116405
Region_dongshan_dist_tainan_city__1,0.059875575981468684
Grading_Date_September_17th_2012,0.05989256439631276
Mill_la_majada_cooperative,0.062422371773142915
Grading_Date_April_6th_2016,0.0633063577942266
Region_santa_ana,0.0638528136008278
Grading_Date_September_8th_2017,0.06404103316552848
Grading_Date_May_24th_2012,0.06408238395711208
Mill_xicotepec_de_juarez,0.06470243092971098
Region_xicotepec_de_juarez,0.06470243093377866
Mill_cigrah_sps,0.0651421713621422
Grading_Date_March_16th_2016,0.0665474368617855
Variety_Typica,0.06675973039881691
Mill_beneficio_ixchel,0.06815340091690007
Grading_Date_February_11th_2016,0.06839067188907708
Grading_Date_May_12th_2015,0.06897313104464145
Grading_Date_August_22nd_2017,0.07621916227040777
Grading_Date_May_24th_2010,0.07682036400707055
Region_oriente,0.0829589404482721
Body,0.09330617244751091
Variety_Bourbon,0.09406128315693456
Mill_agroindustrias_unidas_de_mexico,0.09836436756682239
Grading_Date_April_26th_2013,0.10007905303605975
In_Country_Partner_Asociaci_n_Mexicana_De_Caf_s_y_Cafeter_as_De_Especialidad_A_C,0.10409377070049178
Certification_Body_Asociaci_n_Mexicana_De_Caf_s_y_Cafeter_as_De_Especialidad_A_C,0.10773516223575204
Country_of_Origin_Mexico,0.11206376204093411
Aroma,0.15125309587674668
Balance,0.18668267496074414
Acidity,0.1866999387389343
Aftertaste,0.21168084720714705
Overall,0.24043188634422058
Flavor,0.25036503945855837
In_Country_Partner_Instituto_Hondure_o_del_Caf,0.4681303223639072
Certification_Body_Instituto_Hondure_o_del_Caf,0.47466403936577245
