{
    "mode": "Perform",
    "ml_task": "multiclass_classification",
    "results_path": "/content/drive/MyDrive/mljar_results2",
    "total_time_limit": 10800,
    "model_time_limit": 600,
    "algorithms": [
        "CatBoost",
        "Xgboost",
        "LightGBM",
        "Neural Network"
    ],
    "train_ensemble": true,
    "stack_models": true,
    "eval_metric": "logloss",
    "validation_strategy": {
        "validation_type": "kfold",
        "k_folds": 5,
        "shuffle": true,
        "stratify": true,
        "X_path": "/content/drive/MyDrive/mljar_results2/X.data",
        "y_path": "/content/drive/MyDrive/mljar_results2/y.data",
        "results_path": "/content/drive/MyDrive/mljar_results2"
    },
    "verbose": 0,
    "explain_level": 2,
    "golden_features": true,
    "features_selection": true,
    "start_random_models": 5,
    "hill_climbing_steps": 3,
    "top_models_to_improve": 3,
    "boost_on_errors": false,
    "kmeans_features": false,
    "mix_encoding": false,
    "max_single_prediction_time": 0.5,
    "n_jobs": -1,
    "random_state": 1234,
    "saved": [
        "1_Default_LightGBM",
        "2_Default_Xgboost",
        "3_Default_CatBoost",
        "4_Default_NeuralNetwork"
    ],
    "fit_level": "finished",
    "best_model": "2_Default_Xgboost",
    "load_on_predict": [
        "2_Default_Xgboost"
    ]
}