feature,mean_importance
Grading_Date_March_3rd_2014,-0.004207995349795529
Country_of_Origin_United_States_Hawaii,-0.0012056312207726072
Variety_Hawaiian_Kona,-0.00053526075430399
Grading_Date_September_4th_2012,-0.00032704833274879166
Category_Two_Defects,-0.00026711085270756383
Country_of_Origin_Guatemala,-0.00021067044645527166
Mill_taylor_winch_t_ltd,-0.000154591552308464
Mill_amsa_oaxaca,-0.00010981165734033904
In_Country_Partner_Asociaci_n_de_Caf_s_Especiales_de_Nicaragua,-9.991451240305149e-05
In_Country_Partner_Specialty_Coffee_Association_of_Costa_Rica,-8.667943769982422e-05
Variety_Pacamara,-7.952606068908352e-05
In_Country_Partner_Specialty_Coffee_Association,-7.869228720129017e-05
Grading_Date_July_2nd_2012,-7.603757053956384e-05
Quakers,-4.4524274155594015e-05
Region_eastern_uganda,-3.384746584949583e-05
Grading_Date_December_28th_2015,-3.253552908703827e-05
In_Country_Partner_Africa_Fine_Coffee_Association,-2.8040231049056287e-05
Region_pochutla,-2.0134871265956033e-05
Grading_Date_May_23rd_2015,-1.6127780776861723e-05
Certification_Body_Coffee_Quality_Institute,-1.2553325496977851e-05
Grading_Date_May_1st_2014,-1.102438800009431e-05
Mill_finca_quequesquez,-9.715571518922883e-06
Certification_Body_Asociaci_n_de_Caf_s_Especiales_de_Nicaragua,-6.509778459418136e-06
Grading_Date_March_1st_2011,-6.450111712366646e-06
Country_of_Origin_Kenya,-5.3990865524239375e-06
Region_yunnan,-5.169567874424574e-06
Mill_ipanema_coffees,-5.153006169686392e-06
Variety_Unknown,-4.679473883190122e-06
Mill_ipanema_comercial_e_exportadora_sa,-3.716987043791975e-06
Country_of_Origin_Tanzania_United_Republic_Of,-3.1494854265595728e-06
Mill_bachue,-3.08372193343065e-06
Grading_Date_March_10th_2014,-2.979617435905357e-06
Country_of_Origin_Peru,-1.3738952425457196e-06
Mill_dinamo_armazens_gerais_ltda,-7.555244948082018e-07
Grading_Date_September_10th_2012,-5.351071344056324e-07
Grading_Date_March_16th_2012,-5.157971432412367e-07
Grading_Date_July_6th_2015,-4.6976057434255925e-07
Grading_Date_March_28th_2015,-3.991988865081897e-07
Region_yirgacheffe,-1.6500901013072334e-07
Grading_Date_August_2nd_2013,0.0
Grading_Date_August_2nd_2016,0.0
Grading_Date_September_8th_2017,0.0
Grading_Date_April_3rd_2014,0.0
Grading_Date_April_4th_2015,0.0
Grading_Date_August_2nd_2012,0.0
Grading_Date_April_30th_2015,0.0
Grading_Date_August_30th_2013,0.0
Grading_Date_August_31st_2010,0.0
Grading_Date_August_3rd_2015,0.0
Grading_Date_August_31st_2016,0.0
Grading_Date_August_29th_2012,0.0
Grading_Date_April_30th_2014,0.0
Grading_Date_August_3rd_2017,0.0
Grading_Date_August_5th_2016,0.0
Grading_Date_August_7th_2013,0.0
Grading_Date_August_8th_2014,0.0
Grading_Date_August_8th_2017,0.0
Grading_Date_August_9th_2016,0.0
Grading_Date_December_10th_2013,0.0
Grading_Date_September_7th_2015,0.0
Grading_Date_December_12th_2013,0.0
Grading_Date_December_12th_2014,0.0
Grading_Date_December_15th_2014,0.0
Grading_Date_August_31st_2012,0.0
Grading_Date_April_4th_2016,0.0
Grading_Date_April_8th_2015,0.0
Grading_Date_April_5th_2016,0.0
Grading_Date_April_8th_2014,0.0
Grading_Date_April_8th_2016,0.0
Grading_Date_April_9th_2010,0.0
Grading_Date_April_7th_2016,0.0
Grading_Date_April_9th_2012,0.0
Grading_Date_August_11th_2014,0.0
Grading_Date_August_12th_2016,0.0
Grading_Date_August_14th_2014,0.0
Grading_Date_August_15th_2014,0.0
Grading_Date_August_16th_2011,0.0
Grading_Date_August_16th_2016,0.0
Grading_Date_August_17th_2012,0.0
Grading_Date_August_18th_2015,0.0
Grading_Date_April_7th_2014,0.0
Grading_Date_April_5th_2012,0.0
Grading_Date_August_19th_2016,0.0
Grading_Date_August_20th_2012,0.0
Grading_Date_August_21st_2014,0.0
Grading_Date_September_9th_2016,0.0
Grading_Date_August_22nd_2017,0.0
Grading_Date_August_23rd_2012,0.0
Grading_Date_August_23rd_2017,0.0
Grading_Date_August_25th_2014,0.0
Grading_Date_August_25th_2017,0.0
Grading_Date_August_26th_2010,0.0
Grading_Date_August_27th_2013,0.0
Grading_Date_August_27th_2015,0.0
Grading_Date_April_6th_2016,0.0
Grading_Date_August_28th_2017,0.0
Grading_Date_April_6th_2012,0.0
Grading_Date_August_1st_2012,0.0
Grading_Date_April_6th_2011,0.0
Certification_Body_Yunnan_Coffee_Exchange,0.0
Grading_Date_December_17th_2014,0.0
Grading_Date_February_7th_2014,0.0
Grading_Date_February_7th_2013,0.0
Grading_Date_February_6th_2017,0.0
Grading_Date_February_6th_2014,0.0
Grading_Date_February_5th_2014,0.0
Grading_Date_February_4th_2014,0.0
Grading_Date_February_3rd_2016,0.0
Grading_Date_February_3rd_2015,0.0
Grading_Date_February_29th_2012,0.0
Grading_Date_February_27th_2015,0.0
Grading_Date_February_27th_2014,0.0
Grading_Date_February_27th_2013,0.0
Grading_Date_February_26th_2016,0.0
Grading_Date_February_26th_2013,0.0
Grading_Date_February_25th_2016,0.0
Grading_Date_February_8th_2012,0.0
Grading_Date_February_9th_2011,0.0
Grading_Date_February_9th_2012,0.0
Grading_Date_January_10th_2017,0.0
Grading_Date_January_21st_2014,0.0
Grading_Date_January_21st_2013,0.0
Grading_Date_January_20th_2017,0.0
Grading_Date_January_20th_2015,0.0
Grading_Date_January_20th_2014,0.0
Grading_Date_January_19th_2018,0.0
Grading_Date_January_19th_2017,0.0
Grading_Date_February_25th_2014,0.0
Grading_Date_January_18th_2012,0.0
Grading_Date_January_16th_2017,0.0
Grading_Date_January_15th_2015,0.0
Grading_Date_January_14th_2014,0.0
Grading_Date_January_13th_2015,0.0
Grading_Date_January_13th_2012,0.0
Grading_Date_January_12th_2016,0.0
Grading_Date_January_11th_2018,0.0
Grading_Date_January_17th_2014,0.0
Grading_Date_February_24th_2011,0.0
Grading_Date_February_23rd_2016,0.0
Grading_Date_February_23rd_2012,0.0
Grading_Date_December_6th_2013,0.0
Grading_Date_December_3rd_2015,0.0
Grading_Date_December_3rd_2011,0.0
Grading_Date_December_30th_2013,0.0
Grading_Date_December_28th_2016,0.0
Grading_Date_December_27th_2013,0.0
Grading_Date_December_27th_2010,0.0
Grading_Date_December_8th_2017,0.0
Grading_Date_April_30th_2012,0.0
Grading_Date_December_26th_2013,0.0
Grading_Date_December_23rd_2011,0.0
Grading_Date_December_22nd_2011,0.0
Grading_Date_December_21st_2015,0.0
Grading_Date_December_21st_2011,0.0
Grading_Date_December_20th_2013,0.0
Grading_Date_December_1st_2011,0.0
Grading_Date_December_26th_2013__1,0.0
Grading_Date_December_16th_2014,0.0
Grading_Date_February_11th_2016,0.0
Grading_Date_February_13th_2013,0.0
Grading_Date_February_22nd_2012,0.0
Grading_Date_February_22nd_2011,0.0
Grading_Date_February_20th_2017,0.0
Grading_Date_February_20th_2015,0.0
Grading_Date_February_1st_2012,0.0
Grading_Date_February_1st_2011,0.0
Grading_Date_February_18th_2014,0.0
Grading_Date_February_13th_2012,0.0
Grading_Date_February_17th_2017,0.0
Grading_Date_February_17th_2012,0.0
Grading_Date_February_16th_2016,0.0
Grading_Date_February_16th_2012,0.0
Grading_Date_February_15th_2015,0.0
Grading_Date_February_14th_2014,0.0
Grading_Date_February_13th_2017,0.0
Grading_Date_February_13th_2015,0.0
Grading_Date_February_17th_2016,0.0
Grading_Date_April_2nd_2014,0.0
Grading_Date_April_23rd_2015,0.0
Grading_Date_April_29th_2015,0.0
Region_talpa_de_allende,0.0
Region_taiwu_township_pingtung_county,0.0
Region_taiwan,0.0
Region_taichung_xinshe,0.0
Region_taichung_taiping,0.0
Region_sumatra_brastagi,0.0
Region_tarrazu,0.0
Region_sul_de_minas_carmo_de_minas,0.0
Region_southern_zomba,0.0
Region_south_of_minas,0.0
Region_solola,0.0
Region_snnprg_kafa_telo_woreda_shada_kebele,0.0
Region_snnp_kaffa_zone_gimbowereda,0.0
Region_sipi_mt_elgon,0.0
Region_sul_de_minas,0.0
Region_temaxcalapa,0.0
Region_tenango_de_doria_hidalgo,0.0
Region_tepetzingo,0.0
Region_west_nile,0.0
Region_west_and_central_valley,0.0
Region_villa_talea_de_castro,0.0
Region_vietnam,0.0
Variety_Marigojipe,0.0
Region_vale_da_grama,0.0
Region_tuxtla_gutierrez,0.0
Region_turrialba,0.0
Region_tres_rios,0.0
Region_totutla,0.0
Region_tlatlauquitepec,0.0
Region_tlanchinol_hidalgo,0.0
Region_tlacuilotepec,0.0
Region_thailand,0.0
Region_tepictla,0.0
Region_siguatepeque_comayagua,0.0
Region_sierra_chiapas,0.0
Region_sierra_norte_yajalon_chiapas,0.0
Region_sierra_madre_occidental,0.0
Region_san_bartolo_tutotepec,0.0
Region_sac_n_palma_municipio_de_chil_n_chiapas,0.0
Region_sacatepequez_guatemala,0.0
Region_quetzaltenango,0.0
Region_pyinoolwin,0.0
Region_pyin_oo_lwin,0.0
Region_puno,0.0
Region_province_of_manabi_ecuador,0.0
Region_pluma_hidalogo_oaxaca,0.0
Region_pitalito,0.0
Region_phahi,0.0
Region_petatlan,0.0
Region_peru,0.0
Region_pereira,0.0
Region_penachi_cecanor,0.0
Region_san_fernando,0.0
Region_west_valley,0.0
Region_san_ignacio,0.0
Region_san_lucas_toliman_solola,0.0
Region_sierra_fraylesca_chiapas,0.0
Region_sidamo,0.0
Region_shizingo_village,0.0
Region_sapan_toraja,0.0
Region_santo_reyes_nopala,0.0
Region_santander,0.0
Region_santa_rosa,0.0
Region_santa_maria_sitepec,0.0
Region_santa_catarina_juquila,0.0
Certification_Body_Uganda_Coffee_Development_Authority,0.0
Region_san_ramon,0.0
Region_san_rafael,0.0
Region_san_pedro_cotzilnam,0.0
Region_san_miguel_del_puerto,0.0
Region_san_marcos,0.0
Region_san_isidro,0.0
Grading_Date_April_2nd_2012,0.0
Region_western_region,0.0
Region_xicotepec_de_juarez,0.0
Grading_Date_April_14th_2014,0.0
Grading_Date_April_13th_2010,0.0
Grading_Date_April_12th_2014,0.0
Grading_Date_April_12th_2012,0.0
Grading_Date_April_11th_2014,0.0
Grading_Date_April_11th_2012,0.0
Grading_Date_April_15th_2015,0.0
Grading_Date_April_10th_2015,0.0
In_Country_Partner_Uganda_Coffee_Development_Authority,0.0
In_Country_Partner_Torch_Coffee_Lab_Yunnan,0.0
In_Country_Partner_Tanzanian_Coffee_Board,0.0
In_Country_Partner_Specialty_Coffee_Institute_of_Asia,0.0
In_Country_Partner_Specialty_Coffee_Association_of_Indonesia,0.0
In_Country_Partner_Salvadoran_Coffee_Council,0.0
In_Country_Partner_Yunnan_Coffee_Exchange,0.0
Grading_Date_April_15th_2016,0.0
Grading_Date_April_16th_2013,0.0
Grading_Date_April_17th_2014,0.0
Grading_Date_April_29th_2013,0.0
Grading_Date_April_28th_2017,0.0
Grading_Date_April_27th_2016,0.0
Grading_Date_April_27th_2012,0.0
Grading_Date_April_26th_2016,0.0
Grading_Date_April_26th_2014,0.0
Grading_Date_April_26th_2013,0.0
Grading_Date_April_25th_2016,0.0
Grading_Date_April_25th_2014,0.0
Grading_Date_April_24th_2015,0.0
Grading_Date_January_21st_2016,0.0
Variety_Blue_Mountain,0.0
Grading_Date_April_20th_2015,0.0
Grading_Date_April_19th_2017,0.0
Variety_Catimor,0.0
In_Country_Partner_NUCOFFEE,0.0
In_Country_Partner_METAD_Agricultural_Development_plc,0.0
In_Country_Partner_Kenya_Coffee_Traders_Association,0.0
Variety_Ethiopian_Heirlooms,0.0
Region,0.0
Region_zihuatanejo_de_azueta,0.0
Region_zentla,0.0
Region_zaragoza_itundujia,0.0
Region_zapotitlan_de_mendez,0.0
Region_ywar_ngan_township,0.0
Region_ywar_ngan,0.0
Region_yunlin,0.0
Region_yunlin_gukeng_he_bao,0.0
Region_yecuatla,0.0
Region_yauk_sauk_shan_state,0.0
Region_yauco_region,0.0
Region_yajalon,0.0
Region_xochitonalco_huautla,0.0
Region_xishuangbanna_prefecture,0.0
Region_60,0.0
Region_xalapa,0.0
Region__1,0.0
Region_dongshan_dist_tainan_city__3,0.0
Variety_Ethiopian_Yirgacheffe,0.0
In_Country_Partner_Coffee_Quality_Institute,0.0
Variety_Gesha,0.0
In_Country_Partner_Central_De_Organizaciones_Productoras_De_Caf_y_Cacao_Del_Per_Central_Caf_Cacao,0.0
In_Country_Partner_Blossom_Valley_International__1,0.0
Variety_Mandheling,0.0
In_Country_Partner_Asociaci_n_Mexicana_De_Caf_s_y_Cafeter_as_De_Especialidad_A_C,0.0
In_Country_Partner_Asociacion_Nacional_Del_Caf,0.0
In_Country_Partner_Almacaf,0.0
Region__7,0.0
Region__6,0.0
Region_guoshing_township,0.0
Region__5,0.0
Region__4,0.0
Region__3,0.0
Region__2,0.0
Grading_Date_January_22nd_2013,0.0
Grading_Date_January_28th_2014,0.0
Grading_Date_January_22nd_2015,0.0
Grading_Date_May_28th_2014,0.0
Grading_Date_May_27th_2014,0.0
Grading_Date_May_26th_2015,0.0
Grading_Date_May_26th_2014,0.0
Grading_Date_May_26th_2010,0.0
Grading_Date_May_25th_2015,0.0
Grading_Date_May_24th_2013,0.0
Grading_Date_May_24th_2012,0.0
Grading_Date_May_24th_2010,0.0
Grading_Date_May_23rd_2016,0.0
Grading_Date_May_23rd_2012,0.0
Grading_Date_May_22nd_2017,0.0
Grading_Date_May_22nd_2015,0.0
Grading_Date_May_22nd_2014,0.0
Grading_Date_May_22nd_2012,0.0
Grading_Date_May_28th_2015,0.0
Grading_Date_May_21st_2013,0.0
Grading_Date_May_29th_2013,0.0
Grading_Date_May_2nd_2016,0.0
Grading_Date_May_8th_2017,0.0
Grading_Date_May_8th_2014,0.0
Grading_Date_May_7th_2016,0.0
Grading_Date_May_7th_2015,0.0
Grading_Date_May_7th_2013,0.0
Grading_Date_May_6th_2015,0.0
Grading_Date_May_5th_2015,0.0
Grading_Date_May_5th_2014,0.0
Grading_Date_May_4th_2011,0.0
Grading_Date_May_3rd_2013,0.0
Grading_Date_May_31st_2013,0.0
Grading_Date_May_31st_2012,0.0
Grading_Date_May_31st_2010,0.0
Grading_Date_May_30th_2014,0.0
Grading_Date_May_30th_2013,0.0
Grading_Date_May_2nd_2013,0.0
Grading_Date_May_9th_2013,0.0
Grading_Date_May_20th_2013,0.0
Grading_Date_May_19th_2015,0.0
Grading_Date_March_7th_2014,0.0
Grading_Date_March_5th_2014,0.0
Grading_Date_March_5th_2012,0.0
Grading_Date_March_4th_2015,0.0
Grading_Date_March_4th_2013,0.0
Grading_Date_March_31st_2015,0.0
Grading_Date_March_31st_2014,0.0
Grading_Date_March_30th_2015,0.0
Grading_Date_March_2nd_2013,0.0
Grading_Date_March_29th_2016,0.0
Grading_Date_March_29th_2013,0.0
Grading_Date_March_27th_2015,0.0
Grading_Date_March_27th_2014,0.0
Grading_Date_March_26th_2015,0.0
Grading_Date_March_26th_2012,0.0
Grading_Date_March_8th_2011,0.0
Grading_Date_May_19th_2016,0.0
Grading_Date_March_8th_2013,0.0
Grading_Date_March_9th_2011,0.0
Grading_Date_May_18th_2017,0.0
Grading_Date_May_18th_2016,0.0
Grading_Date_May_18th_2010,0.0
Grading_Date_May_17th_2010,0.0
Grading_Date_May_16th_2016,0.0
Grading_Date_May_16th_2014,0.0
Grading_Date_May_15th_2014,0.0
Grading_Date_May_13th_2014,0.0
Grading_Date_May_12th_2017,0.0
Grading_Date_May_12th_2015,0.0
Grading_Date_May_12th_2014,0.0
Grading_Date_May_12th_2011,0.0
Grading_Date_May_11th_2017,0.0
Grading_Date_May_10th_2017,0.0
Grading_Date_May_10th_2013,0.0
Grading_Date_March_8th_2017,0.0
Grading_Date_March_25th_2016,0.0
Grading_Date_May_9th_2014,0.0
Grading_Date_November_11th_2010,0.0
Grading_Date_September_14th_2012,0.0
Grading_Date_September_13th_2013,0.0
Grading_Date_September_13th_2012,0.0
Grading_Date_September_12th_2014,0.0
Grading_Date_September_12th_2012,0.0
Grading_Date_September_11th_2012,0.0
Grading_Date_October_9th_2017,0.0
Grading_Date_September_4th_2017,0.0
Grading_Date_October_7th_2014,0.0
Grading_Date_October_7th_2013,0.0
Grading_Date_October_5th_2012,0.0
Grading_Date_October_4th_2016,0.0
Grading_Date_October_4th_2013,0.0
Grading_Date_October_4th_2011,0.0
Grading_Date_October_31st_2014,0.0
Grading_Date_September_14th_2015,0.0
Grading_Date_October_29th_2013,0.0
Grading_Date_September_15th_2015,0.0
Grading_Date_September_17th_2012,0.0
Grading_Date_September_3rd_2013,0.0
Grading_Date_September_3rd_2010,0.0
Grading_Date_September_2nd_2010,0.0
Grading_Date_September_29th_2015,0.0
Grading_Date_September_28th_2017,0.0
Grading_Date_September_27th_2017,0.0
Grading_Date_September_27th_2012,0.0
Grading_Date_September_23rd_2013,0.0
Grading_Date_September_22nd_2011,0.0
Grading_Date_September_21st_2016,0.0
Grading_Date_September_20th_2016,0.0
Grading_Date_September_20th_2011,0.0
Grading_Date_September_1st_2017,0.0
Grading_Date_September_19th_2017,0.0
Grading_Date_September_17th_2015,0.0
Grading_Date_September_16th_2012,0.0
Grading_Date_May_9th_2017,0.0
Grading_Date_October_28th_2014,0.0
Grading_Date_October_27th_2017,0.0
Grading_Date_November_4th_2014,0.0
Grading_Date_November_3rd_2017,0.0
Grading_Date_November_3rd_2015,0.0
Grading_Date_November_2nd_2016,0.0
Grading_Date_November_29th_2010,0.0
Grading_Date_November_27th_2015,0.0
Grading_Date_November_26th_2012,0.0
Grading_Date_November_23rd_2014,0.0
Grading_Date_November_22nd_2013,0.0
Grading_Date_November_20th_2015,0.0
Grading_Date_November_19th_2015,0.0
Grading_Date_November_17th_2015,0.0
Grading_Date_November_16th_2015,0.0
Grading_Date_November_16th_2011,0.0
Grading_Date_November_15th_2017__1,0.0
Grading_Date_November_5th_2014,0.0
Grading_Date_October_28th_2011,0.0
Grading_Date_November_7th_2013,0.0
Grading_Date_November_7th_2015,0.0
Grading_Date_October_26th_2016,0.0
Grading_Date_October_26th_2015,0.0
Grading_Date_October_25th_2012,0.0
Grading_Date_October_23rd_2014,0.0
Grading_Date_October_23rd_2012,0.0
Grading_Date_October_1st_2014,0.0
Grading_Date_October_1st_2013,0.0
Grading_Date_October_19th_2012,0.0
Grading_Date_October_18th_2016,0.0
Grading_Date_October_17th_2017,0.0
Grading_Date_October_17th_2014,0.0
Grading_Date_October_16th_2014,0.0
Grading_Date_September_5th_2013,0.0
Grading_Date_November_9th_2017,0.0
Grading_Date_November_8th_2016,0.0
Grading_Date_November_7th_2014,0.0
Grading_Date_January_22nd_2014,0.0
Grading_Date_March_25th_2015,0.0
Grading_Date_March_23rd_2017,0.0
Grading_Date_July_23rd_2012,0.0
Grading_Date_July_23rd_2010,0.0
Grading_Date_July_22nd_2016,0.0
Grading_Date_July_22nd_2014,0.0
Grading_Date_July_21st_2016,0.0
Grading_Date_July_21st_2015,0.0
Grading_Date_July_21st_2014,0.0
Grading_Date_July_20th_2015,0.0
Grading_Date_July_20th_2012,0.0
Grading_Date_July_19th_2013,0.0
Grading_Date_July_19th_2011,0.0
Grading_Date_July_18th_2016,0.0
Grading_Date_July_17th_2015,0.0
Grading_Date_July_17th_2013,0.0
Grading_Date_July_17th_2012,0.0
Grading_Date_July_23rd_2015,0.0
Grading_Date_July_16th_2014,0.0
Grading_Date_July_24th_2017,0.0
Grading_Date_July_26th_2012,0.0
Grading_Date_June_10th_2015,0.0
Grading_Date_June_10th_2014,0.0
Grading_Date_July_9th_2012,0.0
Grading_Date_July_8th_2015,0.0
Grading_Date_July_7th_2017,0.0
Grading_Date_July_5th_2016,0.0
Grading_Date_July_5th_2013,0.0
Grading_Date_July_3rd_2015,0.0
Grading_Date_July_31st_2015,0.0
Grading_Date_July_29th_2014,0.0
Grading_Date_July_29th_2011,0.0
Grading_Date_July_28th_2014,0.0
Grading_Date_July_27th_2017,0.0
Grading_Date_July_27th_2012,0.0
Grading_Date_July_26th_2013,0.0
Grading_Date_July_25th_2012,0.0
Grading_Date_June_11th_2015,0.0
Grading_Date_September_7th_2011,0.0
Grading_Date_July_15th_2016,0.0
Grading_Date_January_2nd_2014,0.0
Grading_Date_January_29th_2015,0.0
Grading_Date_January_29th_2013,0.0
Region_paksong_laos,0.0
Grading_Date_January_28th_2011,0.0
Grading_Date_January_27th_2014,0.0
Grading_Date_January_26th_2015,0.0
Grading_Date_January_25th_2016,0.0
Grading_Date_January_25th_2012,0.0
Grading_Date_January_25th_2011,0.0
Grading_Date_January_24th_2014,0.0
Grading_Date_January_24th_2013,0.0
Grading_Date_January_23rd_2014,0.0
Grading_Date_January_23rd_2012,0.0
Grading_Date_January_22nd_2016,0.0
Grading_Date_January_2nd_2015,0.0
Grading_Date_July_16th_2012,0.0
Grading_Date_January_30th_2017,0.0
Grading_Date_January_31st_2014,0.0
Grading_Date_July_15th_2014,0.0
Grading_Date_July_14th_2015,0.0
Grading_Date_July_11th_2012,0.0
Grading_Date_July_10th_2013,0.0
Grading_Date_January_9th_2013,0.0
Grading_Date_January_9th_2012,0.0
Grading_Date_January_8th_2015,0.0
Grading_Date_January_8th_2014,0.0
Grading_Date_January_8th_2013,0.0
Grading_Date_January_6th_2015,0.0
Grading_Date_January_6th_2012,0.0
Grading_Date_January_5th_2012,0.0
Grading_Date_January_4th_2011,0.0
Grading_Date_January_3rd_2014,0.0
Grading_Date_January_3rd_2012,0.0
Grading_Date_January_31st_2012,0.0
Grading_Date_March_24th_2014,0.0
Grading_Date_June_13th_2012,0.0
Grading_Date_June_14th_2011,0.0
Grading_Date_March_11th_2016,0.0
Grading_Date_March_11th_2015,0.0
Grading_Date_March_11th_2013,0.0
Grading_Date_March_10th_2015,0.0
Grading_Date_June_9th_2016,0.0
Grading_Date_June_9th_2015,0.0
Grading_Date_June_9th_2014,0.0
Grading_Date_June_8th_2012,0.0
Grading_Date_June_7th_2012,0.0
Grading_Date_June_6th_2017,0.0
Grading_Date_June_6th_2016,0.0
Grading_Date_June_6th_2013,0.0
Grading_Date_June_6th_2012,0.0
Grading_Date_June_5th_2017,0.0
Grading_Date_June_5th_2015,0.0
Grading_Date_March_12th_2013,0.0
Grading_Date_June_5th_2013,0.0
Grading_Date_March_12th_2015,0.0
Grading_Date_March_13th_2015,0.0
Grading_Date_March_23rd_2011,0.0
Grading_Date_March_21st_2015,0.0
Grading_Date_March_21st_2014,0.0
Grading_Date_March_21st_2013,0.0
Grading_Date_March_20th_2013,0.0
Grading_Date_March_19th_2012,0.0
Grading_Date_March_18th_2014,0.0
Grading_Date_March_18th_2013,0.0
Grading_Date_March_17th_2016,0.0
Grading_Date_March_16th_2016,0.0
Grading_Date_March_15th_2016,0.0
Grading_Date_March_15th_2013,0.0
Grading_Date_March_15th_2011,0.0
Grading_Date_September_7th_2010,0.0
Grading_Date_March_14th_2016,0.0
Grading_Date_March_13th_2014,0.0
Grading_Date_June_13th_2017,0.0
Grading_Date_June_5th_2012,0.0
Grading_Date_June_3rd_2017,0.0
Grading_Date_June_22nd_2017,0.0
Grading_Date_June_21st_2017,0.0
Grading_Date_June_21st_2013,0.0
Grading_Date_June_21st_2012,0.0
Grading_Date_June_21st_2011,0.0
Grading_Date_June_20th_2017,0.0
Grading_Date_June_20th_2014,0.0
Grading_Date_June_1st_2017,0.0
Grading_Date_June_1st_2016,0.0
Grading_Date_June_18th_2015,0.0
Grading_Date_June_17th_2010,0.0
Grading_Date_June_16th_2017,0.0
Grading_Date_June_16th_2014,0.0
Grading_Date_June_16th_2010,0.0
Grading_Date_June_15th_2016,0.0
Grading_Date_June_23rd_2016,0.0
Grading_Date_June_4th_2012,0.0
Grading_Date_June_23rd_2017,0.0
Grading_Date_June_25th_2014,0.0
Grading_Date_June_3rd_2013,0.0
Grading_Date_June_30th_2017,0.0
Grading_Date_June_30th_2015,0.0
Grading_Date_June_30th_2014,0.0
Grading_Date_June_2nd_2016,0.0
Grading_Date_June_2nd_2015,0.0
Grading_Date_June_29th_2010,0.0
Grading_Date_June_28th_2016,0.0
Grading_Date_June_27th_2016,0.0
Grading_Date_June_27th_2014,0.0
Grading_Date_June_27th_2013,0.0
Grading_Date_June_26th_2017,0.0
Grading_Date_June_26th_2014,0.0
Grading_Date_June_26th_2012,0.0
Grading_Date_June_25th_2015,0.0
Grading_Date_June_24th_2014,0.0
Region_oromiya,0.0
Region_occidente,0.0
Variety_Moka_Peaberry,0.0
Mill_finca_la_fortuna,0.0
Mill_finca_jamaica_san_gabriel_mixtepec_juquila_oaxaca,0.0
Mill_finca_hamburgo,0.0
Mill_finca_estate,0.0
Processing_Method_Pulped_natural_honey,0.0
Mill_finca_camila,0.0
Mill_faysal_abamecha_processing_plant_at_yebu_town,0.0
Mill_falcafe_s_a_de_c_v,0.0
Mill_f_i_e_c_h,0.0
Mill_exportadora_caf_california,0.0
Mill_exportadora_atlantic_sa_pp_condega,0.0
Mill_exclusive_coffees_s_a,0.0
Mill_ephemera_traders,0.0
Mill_en_santa_maria_temaxcalapa,0.0
Mill_en_el_progreso,0.0
Mill_finca_la_ordu_a_coatepec_ver,0.0
Mill_en_el_plan_de_guadalupe,0.0
Mill_finca_las_nieves,0.0
Mill_finca_mata_larga,0.0
Mill_hacienda_la_esmeralda,0.0
Mill_hacienda_alto_grande,0.0
Mill_guoxing_farm_coffee,0.0
Mill_guo_xin_ka_fei,0.0
Mill_guo_cun_nong_yuan,0.0
Mill_gumutindo,0.0
Mill_gudmale,0.0
Mill_green_beans,0.0
Mill_great_lakes_coffee,0.0
Mill_genius_coffee_estate,0.0
Mill_garca_armazens,0.0
Mill_gao_chun_fang,0.0
Mill_florencia,0.0
Mill_finca_santa_clara_localidad_de_zona_del_bul_san_pedro_pochutla_oaxaca,0.0
Mill_finca_montegrande_jaltenango,0.0
Mill_finca_los_barreales,0.0
Mill_en_coyula,0.0
Mill_en_cortado_beneficiado_y_secado_por_el_productor,0.0
Mill_en_chiatipan_municipio_de_huazalingo,0.0
Mill_dry_mill,0.0
Mill_dry_in_solar_beds,0.0
Mill_dry_hull,0.0
Mill_dry,0.0
Mill_drima_zede,0.0
Mill_dragon_coffee__1,0.0
Mill_dragon_coffee,0.0
Mill_dos_puentes_de_finca_kassandra,0.0
Mill_dongshan_gaoyuan_village_chief_manor_coffee_tainan_taiwan,0.0
Mill_doi_tung_development_project,0.0
Mill_dae_ltd,0.0
Mill_cuauhtemoc_321_col_trinidad_de_las_huertas,0.0
Mill_cruz_verde,0.0
Mill_cosautlan_de_carvajal_veracruz_m_xico,0.0
Mill_corta_pico_balbino_ramirez,0.0
Mill_ecc,0.0
Mill_ecc_beneficio_veracruz,0.0
Mill_echo_coffee_mill,0.0
Mill_el_borbollon,0.0
Mill_en_ahuatitlan,0.0
Mill_elida_estate,0.0
Mill_el_tesoro,0.0
Mill_el_romnace_azul_rio_verde,0.0
Mill_el_regalito,0.0
Mill_el_regadito,0.0
Mill_el_pino_cosautlan_de_carvajal,0.0
Mill_hand_peeled,0.0
Mill_el_patalillo,0.0
Mill_el_olvido_zentla_veracruz,0.0
Mill_el_morito,0.0
Mill_el_mirador,0.0
Mill_el_mavodo,0.0
Mill_el_injerto_s_a,0.0
Mill_el_desmoronado,0.0
Mill_el_chipoco_municipio_de_tlanchinol,0.0
Mill_el_pacayal_amatenango_de_la_frontera_chiapas,0.0
Mill_corral_del_diablo_lote_1,0.0
Mill_hani,0.0
Mill_hulling_facility,0.0
Mill_mondul_coffee_estate,0.0
Mill_mojiang_jinggong_estate_speciality_development_co_ltd_mill,0.0
Mill_mmm,0.0
Mill_micro_beneficio_la_caba_a_javier_meza,0.0
Mill_metad_plc,0.0
Mill_menglian_mang_pan_professional_cooperative,0.0
Mill_menglian_county_nayun_town_mangzhang_coffee_farm,0.0
Mill_menglian_ban_an_coffee_processing_factory,0.0
Mill_mecatl_n_veracruz,0.0
Mill_mcomafa,0.0
Mill_mazatepec_tlatlauquitepec_puebla,0.0
Mill_matsuzawa_coffee,0.0
Mill_m10,0.0
Mill_los_pinoslos_pinos,0.0
Mill_los_barreales_teocelo_veracruz,0.0
Mill_monte_blanco,0.0
Mill_los_angeles_micro_mill,0.0
Mill_moplaco,0.0
Mill_municipio_monte_cristo_de_guerrero_chiapasmunicipio_monte_cristo_de_guerrero,0.0
Region_oromia,0.0
Mill_only_dry_mill,0.0
Mill_olam_honduras,0.0
Mill_olam,0.0
Mill_nyapea,0.0
Mill_none,0.0
Mill_non,0.0
Mill_nkg_ck_hc_ss_kccm,0.0
Mill_nkg_coffee_mills,0.0
Mill_nitin_coffee_estate,0.0
Mill_nile_highland_arabica_coffee_farmers,0.0
Mill_ngorogoro_convenant_estate,0.0
Mill_ngila_estate_ltd,0.0
Mill_neiva,0.0
Mill_mzuzu_coffee_coop_union,0.0
Mill_mu_he_zi_coffee,0.0
Mill_local_made,0.0
Mill_llano_hermoso_xochitonalco_huautla_oaxaca,0.0
Mill_linda_vista,0.0
Mill_kabum_trading_company,0.0
Mill_ka_vulungan_coffee_estate,0.0
Mill_juanana_coffee_association,0.0
Mill_jing_jing_caf,0.0
Mill_jia_jia_coffee,0.0
Mill_jacob_s_estate,0.0
Mill_j_j_borja_nathan,0.0
Mill_j_hill_y_cia,0.0
Mill_ixchel,0.0
Mill_internacional_armazens_gerais,0.0
Mill_iliatenco_guerrero,0.0
Mill_ibero,0.0
Mill_hvc,0.0
Mill_hustusco,0.0
Mill_humedo_finca_santo_tomas_pachuj_y_seco_beneficio_palinsa,0.0
Mill_kalugmanan_agri_development_corp,0.0
Mill_kan_tou_mountain_coffee,0.0
Mill_karatu_estate,0.0
Mill_kawacom,0.0
Mill_las_americas,0.0
Mill_la_yerba,0.0
Mill_la_tejeria,0.0
Variety_Typica,0.0
Mill_la_laja_pinillos_veracruz,0.0
Mill_la_herradura,0.0
Mill_la_eva,0.0
Mill_huatusco,0.0
Mill_la_esperanza_municipio_juchique_de_ferrer_veracruz,0.0
Mill_la_conquista,0.0
Mill_la_concordia_chiapas,0.0
Mill_kyagalanyi_coffee_ltd,0.0
Mill_kucofa_farmers_group,0.0
Mill_kongoni_estate,0.0
Mill_kiriyama_washing_station,0.0
Mill_kerchanshe,0.0
Mill_la_distancia,0.0
Mill_pacho_viejo,0.0
Processing_Method_Semi_washed_Semi_pulped,0.0
Mill_copag_armaz_ns_gerais_ltda,0.0
Mill_aricha_coop,0.0
Mill_apollo_estate,0.0
Mill_apollo_co_ltd,0.0
Mill_antioquia,0.0
Mill_angel_albino_corzo_chiapas,0.0
Mill_amsa_tuxtla,0.0
Mill_amkeni_gourmet_coffee_group,0.0
Mill_alishan_zou_zhu_yuan,0.0
Mill_alicia_s_farm,0.0
Certification_Body_Asociaci_n_Mexicana_De_Caf_s_y_Cafeter_as_De_Especialidad_A_C,0.0
Mill_agroindustrias_unidas_de_mexico,0.0
Mill_ada_farm,0.0
Mill_ac_la_laja_sa_de_cv,0.0
Mill_a_shu_she_coffee,0.0
Mill_Unknown,0.0
Mill_armazens_gerais_cocarive,0.0
Mill_17_18,0.0
Mill_arroyo_triste_arroyo_triste_san_jose_vista_hermosa,0.0
Mill_aspinwall_co_ltd_mangalore,0.0
Mill_beneficio_de_caf_tecoxolco_s_de_r_l_de_c_v,0.0
Mill_beneficio_de_cafetaleros_el_remudadero_s_p_r_de_r_l,0.0
Mill_beneficio_cuzcachapa,0.0
Mill_beneficio_casa_ruiz_s_a,0.0
Mill_beneficio_cafetaleros_del_arrayanal,0.0
Mill_beneficio_atlantic_sebaco,0.0
Mill_beneficio_atlantic_planta_procedora_condega,0.0
Mill_beneficio_atlantic_condega,0.0
Mill_beneficio_2000,0.0
Mill_bcu,0.0
Mill_baroida,0.0
Mill_baishengcun_coffee,0.0
Mill_baijiada_coffee_farm,0.0
Mill_bai_he_lin_coffee,0.0
Mill_at_site_and_addis_ababa,0.0
Mill_arusha,0.0
Country_of_Origin_Zambia,0.0
Country_of_Origin_Vietnam,0.0
Country_of_Origin_Unknown,0.0
Country_of_Origin_Ecuador,0.0
Country_of_Origin_Cote_d_Ivoire,0.0
Country_of_Origin_Costa_Rica,0.0
Country_of_Origin_Colombia,0.0
Country_of_Origin_China,0.0
Country_of_Origin_Burundi,0.0
Certification_Body_Kenya_Coffee_Traders_Association,0.0
Certification_Body_METAD_Agricultural_Development_plc,0.0
Certification_Body_NUCOFFEE,0.0
Certification_Body_Salvadoran_Coffee_Council,0.0
Certification_Body_Specialty_Coffee_Association,0.0
Certification_Body_Specialty_Coffee_Association_of_Indonesia,0.0
Certification_Body_Specialty_Coffee_Institute_of_Asia,0.0
Certification_Body_Tanzanian_Coffee_Board,0.0
Certification_Body_Torch_Coffee_Lab_Yunnan,0.0
Certification_Body_Central_De_Organizaciones_Productoras_De_Caf_y_Cacao_Del_Per_Central_Caf_Cacao,0.0
Country_of_Origin_Ethiopia,0.0
Country_of_Origin_Haiti,0.0
Country_of_Origin_Honduras,0.0
Country_of_Origin_United_States_Puerto_Rico,0.0
Country_of_Origin_United_States,0.0
Country_of_Origin_Uganda,0.0
Country_of_Origin_Thailand,0.0
Country_of_Origin_Rwanda,0.0
Country_of_Origin_Philippines,0.0
Country_of_Origin_Papua_New_Guinea,0.0
Mill_beneficio_dos_puentes,0.0
Country_of_Origin_Panama,0.0
Certification_Body_Brazil_Specialty_Coffee_Association,0.0
Country_of_Origin_Mauritius,0.0
Country_of_Origin_Malawi,0.0
Country_of_Origin_Laos,0.0
Country_of_Origin_Japan,0.0
Country_of_Origin_Indonesia,0.0
Country_of_Origin_India,0.0
Certification_Body_Blossom_Valley_International__1,0.0
Mill_cordoba_ver,0.0
Mill_beneficio_el_grande,0.0
Mill_beneficio_exportacafe_agua_santa,0.0
Mill_cigrah_s_a_de_c_v,0.0
Mill_cigrah,0.0
Mill_chang_yu_liang,0.0
Mill_central_kenya_coffee_mills,0.0
Mill_cauca,0.0
Mill_cartago,0.0
Mill_carapina_armazens_gerais,0.0
Mill_carapina,0.0
Mill_canoa_manzanillo,0.0
Mill_caf_don_balbino,0.0
Mill_caf_do_para_so,0.0
Mill_cafico,0.0
Mill_cafex,0.0
Mill_cafetaleros_de_la_yerbabuena_spr_de_rl,0.0
Mill_cafetalera_la_cuchilla,0.0
Mill_cigrah_sps,0.0
Mill_cafetalera_aquiares,0.0
Mill_ckcm,0.0
Mill_cnra_station_of_divo,0.0
Mill_copag_varginha_mg,0.0
Mill_copag,0.0
Mill_coopetarraz,0.0
Mill_cooperative_agro_industrielle_de_marmela,0.0
Mill_coopeagri,0.0
Mill_coop_hoja_blanca_fedecocagua,0.0
Mill_coocafe_r_l,0.0
Mill_concepcion,0.0
Mill_comunidad_de_sac_n_palma_municipio_de_chil_n_chiapas,0.0
Mill_comitla,0.0
Mill_cohorsil,0.0
Processing_Method_Unknown,0.0
Mill_coffee_business_center_cbc_dry_mill,0.0
Mill_cocarive,0.0
Mill_coatepec_ver,0.0
Mill_ckcm_nkg,0.0
Mill_cafetal_sinai,0.0
Mill_cafetal_santa_maria,0.0
Mill_cafetal_la_ordu_a,0.0
Mill_beneficio_soppexcca,0.0
Mill_beneficio_siembras_vision_154,0.0
Mill_beneficio_seco_de_cafe_de_la_soc_coop_tzotzilotic_tzobolotic_scl,0.0
Mill_beneficio_santa_rosa_s_a,0.0
Mill_beneficio_san_fernando,0.0
Mill_beneficio_san_diego,0.0
Mill_beneficio_san_carlos,0.0
Mill_beneficio_palinsa,0.0
Mill_beneficio_nueva_granada,0.0
Mill_beneficio_monta_as_del_diamante,0.0
Mill_beneficio_las_tres_puertas,0.0
Mill_beneficio_las_brisas,0.0
Mill_beneficio_la_igualdad,0.0
Mill_beneficio_ixchel,0.0
Mill_beneficio_humedo,0.0
Mill_beneficio_valparaiso,0.0
Mill_bener_meriah_gayo,0.0
Mill_bi_yun_si_shi_yi,0.0
Mill_bogota,0.0
Mill_cafetal_el_equimite_rancho_agroecol_gico,0.0
Mill_cafes_tomari_sa_de_cv,0.0
Certification_Body_Almacaf,0.0
Mill_cafes_de_naranjal_s_a_de_c_v,0.0
Mill_cafeco_3,0.0
Mill_cafe_altura_de_san_ramon,0.0
Mill_cadexsa,0.0
Mill_beneficio_el_morito,0.0
Mill_c_p_w_e,0.0
Mill_burka_coffee_estates,0.0
Mill_bulamburi_coffee_farmers,0.0
Mill_bukonzo_joint_cfs,0.0
Mill_buenas_vista_municipio_de_san_bartolo_tutotepec,0.0
Mill_bucaramanga,0.0
Mill_bonanza_armenia,0.0
Mill_bogota_bachue,0.0
Mill_burka_gudina,0.0
Mill_palinsa_beneficiado_seco_santo_tomas_pachuj_beneficiado_humedo,0.0
Mill_organizacion_union_de_ejidos_adolfo_lopez_mateos,0.0
Mill_pasto,0.0
Region_guinope_el_para_so,0.0
Region_guayata,0.0
Region_grama_valley,0.0
Region_gicumbi,0.0
Region_gedio,0.0
Region_fort_n_de_las_flores,0.0
Region_fln_mirador,0.0
Region_ethiopia_sidamo,0.0
Region_escuitla,0.0
Region_el_tumbador_san_marcos,0.0
Region_el_progreso,0.0
Region_el_para_so,0.0
Region_el_desmoronado_talpan_de_allende_jalisco,0.0
Region_el_balsamo_quezaltepec,0.0
Region_eje_cafetero,0.0
Region_guji_hambela,0.0
Region_eastern_highlands_province,0.0
Region_haiti,0.0
Region_huanuco,0.0
Region_jaltenango,0.0
Region_jalapa,0.0
Region_iwala_village_mbeya_rural,0.0
Variety_SL14,0.0
Region_indonesia,0.0
Region_ilomba_vilage_mbozi,0.0
Region_iliatenco_guerrero,0.0
Region_ikand_village,0.0
Region_ijen,0.0
Region_hustusco,0.0
Region_huila_supremo,0.0
Region_huila,0.0
Region_huehuetenango,0.0
Region_huazalingo_hidalgo,0.0
Region_huautla_de_jimenez,0.0
Region_high_mogiana,0.0
Region_jinotega,0.0
Region_eastern,0.0
Region_dongshan_dist_tainan_city__1,0.0
Region_chuva_san_marcos,0.0
Region_chil_n,0.0
Region_chickmangalore,0.0
Region_chiayi_alishan,0.0
Region_chiapas_jaltenango,0.0
Region_chiapas,0.0
Region_chiangrai,0.0
Region_chiang_rai_thailand,0.0
Region_chiang_rai,0.0
Region_chapulhuacan_hidalgo,0.0
Region_chapad_o_de_ferro_cerrado_mineiro,0.0
Region_changhua_baguashan,0.0
Region_chamarel_south_west,0.0
Region_cerrado_monte_carmelo_minas_gerais,0.0
Region_cerrado,0.0
Region_cnra_station_of_divo,0.0
Region_east_java,0.0
Region_coatepec,0.0
Region_cofradia_de_suchitlan,0.0
Region_dongshan_dist_tainan_city,0.0
Region_don_duong,0.0
Region_dolok_sanggul,0.0
Region_doi_chaang_village_chiang_rai_thialand,0.0
Region_dipilto_nueva_segovia,0.0
Region_dala,0.0
Region_cundinamarca,0.0
Region_cuarente_o,0.0
Region_costa_rica,0.0
Region_coscomatepec,0.0
Region_corillera_administrative,0.0
Region_cordoba,0.0
Region_comayagua_honduras,0.0
Region_comayagua,0.0
Region_colima,0.0
Region_coatepec_coatepec,0.0
Region_juchique_de_ferrer,0.0
Region_juquila,0.0
Region_kakoma,0.0
Region_muranga,0.0
Region_mumirwa,0.0
Region_mubuyu_estate,0.0
Region_mt_rwenzori,0.0
Region_mt_elgon,0.0
Region_mountains_of_minas_gerais,0.0
Region_mountain_ali_taiwan,0.0
Region_motozintla_chiapas,0.0
Region_motozintla,0.0
Region_moshi,0.0
Region_monte_carmelo,0.0
Region_mogiana,0.0
Region_mmm,0.0
Region_mkuu_rombo,0.0
Region_minas_gerais_br,0.0
Region_mzuzu,0.0
Region_mexico,0.0
Region_nantou,0.0
Region_naranjo,0.0
Region_orient,0.0
Region_ohuapan_tlaltetela,0.0
Region_ocotepeque,0.0
Region_ocosingo,0.0
Region_occidental,0.0
Region_oaxaca,0.0
Variety_Mundo_Novo,0.0
Region_nuevo_oriente,0.0
Region_nueva_segovia,0.0
Region_norte,0.0
Region_nkure_meru,0.0
Region_ngorogoro,0.0
Region_nayarit,0.0
Region_natou_county,0.0
Region_nari_o,0.0
Region_nanxi_dist_tainan_city,0.0
Region_meru_county,0.0
Region_meru,0.0
Region_menglian,0.0
Variety_Pache_Comun,0.0
Variety_Ruiru_11,0.0
Region_kilimanjaro,0.0
Region_kiambu,0.0
Region_kenya,0.0
Region_kelem_welega,0.0
Region_kefa_zone_gimbo_distict_at_a_place_called_woka_araba_south_west_ethiopia,0.0
Region_kayanza,0.0
Region_kasese_mt_rwenzori,0.0
Region_kasese,0.0
Region_karatu_northern,0.0
Region_karatu_ngorogoro,0.0
Region_karatu_arusha,0.0
Region_kapchorwa_eastern,0.0
Region_kapchorwa,0.0
Region_la_concordia_chiapas,0.0
Region_la_plata,0.0
Region_la_reforma_san_marcos,0.0
Region_la_yerba,0.0
Region_mbinga,0.0
Variety_Other,0.0
Region_mbale,0.0
Region_matas_de_minas,0.0
Region_matagalpa,0.0
Region_marmelade,0.0
Region_marcala,0.0
Mill_palo_blanco_tlacuilotepec_puebla,0.0
Region_manzanillo,0.0
Region_mantiqueira_de_minas,0.0
Region_mahuixtlan,0.0
Region_los_angeles,0.0
Region_lintong,0.0
Region_leye_alishan_township_chiayi_county__1,0.0
Region_leye_alishan_township_chiayi_county,0.0
Region_la_yerbabuena,0.0
Region_manyara_karatu,0.0
Region_central_region,0.0
Region_central_valley,0.0
Mill_tutunze_kahawa_ltd,0.0
Mill_tembo_coffee_company_ltd,0.0
Mill_tapachula_chiapas,0.0
Mill_taiwan_hao_ka,0.0
Mill_sunshine_valley_estate,0.0
Mill_spot,0.0
Mill_song_yue_coffee,0.0
Mill_sogestal_mumirwa,0.0
Mill_soc_coop_de_caf_de_ciudad_barrios_de_r_l,0.0
Mill_shwe_yin_mar,0.0
Mill_shi_fang_yuan,0.0
Mill_sheng_he_shang_pin_coffee,0.0
Mill_shangrilla_estate_ltd,0.0
Mill_shah_plantation,0.0
Mill_several_coricafe_dry_mill,0.0
Mill_several,0.0
Mill_tepictla_y_xalapa_veracruz,0.0
Mill_selian_coffee_estate,0.0
Mill_the_beneficio_is_designed_to_be_ecologic,0.0
Mill_tlavictepan_huatusco,0.0
Mill_tuxpal,0.0
Region_central_america,0.0
Mill_tulla_coffee_farm,0.0
Mill_tsoustructive_garden,0.0
Mill_tropica_galliard,0.0
Mill_trilladora_picale_a,0.0
Mill_trilladora_europa,0.0
Mill_trilladora_bonanza_armenia_quindioa,0.0
Mill_trilladora_bonanza_armenia_quindio,0.0
Mill_trilladora_boananza,0.0
Mill_trilladora_asia,0.0
Mill_trilladora_agricola,0.0
Mill_triladora_bonanza_armenia,0.0
Mill_triladora_bonanza,0.0
Mill_tokoffee,0.0
Mill_tlamatoca_hutusco_ver,0.0
Mill_ugacof,0.0
Mill_seid_damtew_coffee_export_and_plantation,0.0
Mill_sasini_mills,0.0
Mill_rancho_los_laureles,0.0
Mill_rafiki_coffee_limited,0.0
Mill_r_w_j_wallace_ltd,0.0
Mill_pu_er_specialty_coffee_cupping_center,0.0
Mill_puer_jiangcheng_fuwang_coffee_biotechnology_co_ltd,0.0
Mill_pu_er_lingdu_yunlin_coffee_co_ltd_mill,0.0
Mill_pt_perkebunan_nusantara_xii,0.0
Mill_pt_olam_indonesia,0.0
Mill_pt_menacom,0.0
Mill_productos_organicos_de_canoas_spr_de_rl,0.0
Mill_procesadora_del_sur_sa,0.0
Mill_premium_grade_a,0.0
Mill_popay_n,0.0
Mill_planta_procesadora_sebaco,0.0
Mill_pe_a_campana,0.0
Mill_rancho_vigia,0.0
Mill_sasini_mills_thika_cofee_mills,0.0
Mill_rio_hamaca,0.0
Mill_sac_n_palma,0.0
Mill_sasini_kofinaf_mills,0.0
Mill_sasini,0.0
Mill_sarimakmur,0.0
Mill_sapan_toraja,0.0
Mill_santa_maria_temaxcalapa,0.0
Mill_santa_maria_siltepec,0.0
Mill_santa_adelaida,0.0
Mill_san_pedro_cotzilnam_municipio_de_aldama_chiapas,0.0
Mill_san_miguel,0.0
Mill_san_jos_y_el_portillo,0.0
Mill_san_jos_neiva,0.0
Mill_san_fernando_chiapas,0.0
Mill_san_diego_buena_vista,0.0
Mill_san_carlos,0.0
Mill_sagana,0.0
Mill_rio_jorco,0.0
Mill_union_ramal_santa_cruz,0.0
Grading_Date_September_4th_2014,0.0
Mill_various_smallholders_wet_mills,0.0
Region_arusha_meru,0.0
Region_aricha,0.0
Variety_Sulawesi,0.0
Region_antioquia,0.0
Region_antigua,0.0
Region_amatenango_de_la_frontera,0.0
Region_alta_paulista_sao_paulo,0.0
Region_aldea_xeucalvitz_ixil_region_quiche_department,0.0
Region_adolfo_lopez_mateos,0.0
Region_addis_ababa,0.0
Region_ada_okinawa_japan,0.0
Region_aceh_gayo,0.0
Region_aceh,0.0
Variety_Sumatra,0.0
Variety_Sumatra_Lintong,0.0
Region_asia_pacific,0.0
Region_atitlan,0.0
Region_atoyac_de_alvarez,0.0
Region_baihe_dist_tainan_city,0.0
Region_cauca,0.0
Region_carmo_de_minas,0.0
Region_canoas,0.0
Region_campos_altos_cerrado,0.0
Variety_SL34,0.0
Region_cajamarca,0.0
Region_cacahuatique,0.0
Mill_utcam_usine_traitement_cafe_marmelade,0.0
Region_bukidnon_mindanao_philppines,0.0
Region_boquete,0.0
Region_bondowoso,0.0
Region_blida_kercha_guji_oromia,0.0
Region_blend,0.0
Region_berastagi,0.0
Region_bener_meriah,0.0
Region_bali,0.0
Region_brunca,0.0
Mill__11,0.0
Mill__12,0.0
Mill__9,0.0
Mill_zaragoza_itundujia_oaxaca,0.0
Mill_zapotitlan_de_mendez_puebla,0.0
Mill_yunnan_louis_herbs_r_d_center,0.0
Mill_yun_lan_coffee_co_ltd_mill,0.0
Mill_yu_jin_gui,0.0
Mill_you_siang_coffee_farmtainan_taiwan,0.0
Mill_yes,0.0
Mill_yajalon_chiapas,0.0
Mill_xu_yuan_zhang,0.0
Mill_xicotepec_de_juarez,0.0
Mill_worka,0.0
Mill_wolensu,0.0
Mill_villa_talea_de_castro_oaxaca,0.0
Mill_via_seca,0.0
Mill_very_famous_intl,0.0
Mill_zaragoza_montelibano_pamal_navil,0.0
Mill__10,0.0
Mill_zhang_li_hong_coffee,0.0
Mill_4_88,0.0
Mill_lin_yuan_coffee,0.0
Mill,0.0
Mill__8,0.0
Mill__1,0.0
Mill__7,0.0
Mill__2,0.0
Mill__3,0.0
Mill__4,0.0
Mill__6,0.0
Mill_zhuo_wu_shan_coffee,0.0
Mill_hoe_vs_flower_coffee_farm,0.0
Mill__5,0.0
Mill_productores_de_cafes_especiales_sc,1.7244894860435344e-07
Grading_Date_August_23rd_2011,2.0571524374790595e-07
Region_arusha,2.849562611734191e-07
Variety_SL28,4.379913926683132e-07
Grading_Date_December_18th_2014,8.551340053286616e-07
Grading_Date_October_9th_2012,1.3543443165481283e-06
Grading_Date_October_20th_2017,1.6471394759437485e-06
Grading_Date_February_15th_2017,1.8280300879330857e-06
Certification_Body_Asociacion_Nacional_Del_Caf,3.6658320514720845e-06
Grading_Date_July_3rd_2012,4.30556859848108e-06
Country_of_Origin_Myanmar,4.500754364286652e-06
Region_tapachula,4.9675173147356585e-06
Region_santa_ana,5.122021960488055e-06
Grading_Date_July_16th_2013,5.5088899230837375e-06
Region_la_concordia,7.285797087552836e-06
Region_mbeya,7.601876091747894e-06
Region_apaneca,1.0583921090068226e-05
Mill_beneficio_serben,1.0697664860964683e-05
Mill_la_majada_cooperative,1.2472710984637314e-05
Grading_Date_April_19th_2013,1.5223046820073138e-05
Processing_Method_Other,1.6105863700507926e-05
Certification_Body_Africa_Fine_Coffee_Association,2.1851352430155014e-05
Region_acatenango,2.2039218552369345e-05
Region_calnali_hidalgo,2.940994931952823e-05
Grading_Date_March_14th_2017,3.43445438704959e-05
Mill_finca_custepec,3.6196378422140294e-05
Country_of_Origin_Taiwan,3.639569608977766e-05
Region_kona,3.804420753932836e-05
Variety_Peaberry,4.2928123658597664e-05
Color_Green,4.547871277516824e-05
Color_Unknown,4.70223035796552e-05
Region_central_kenya,6.374818524467751e-05
Certification_Body_Specialty_Coffee_Association_of_Costa_Rica,6.682434145778571e-05
Region_nyeri,6.751471823255861e-05
Grading_Date_April_6th_2017,7.828823727978884e-05
Variety_Bourbon,8.345393421078373e-05
Certification_Body_Ethiopia_Commodity_Exchange,8.753090571462785e-05
Country_of_Origin_El_Salvador,8.956521350306779e-05
In_Country_Partner_Brazil_Specialty_Coffee_Association,9.43582102158974e-05
Variety_Yellow_Bourbon,9.470908954244406e-05
Mill_kona_pacific_farmers_cooperative,0.00010323481852327621
Mill_coricafe_sa,0.00010982606312421317
Region_veracruz,0.0001540921692777336
Grading_Date_October_15th_2014,0.0001574417671810685
In_Country_Partner_Ethiopia_Commodity_Exchange,0.00017111467316046903
Grading_Date_October_8th_2015,0.00020398295502636332
Region_limu,0.0002716533105778379
Certification_Body_Centro_Agroecol_gico_del_Caf_A_C,0.0002732646644748482
Variety_Pacas,0.00029718500777264347
In_Country_Partner_Blossom_Valley_International,0.0003447603482937156
Region_Unknown,0.0003701612893654338
Region_oriente,0.0005677125308868158
Certification_Body_Blossom_Valley_International,0.0006052821474696434
In_Country_Partner_Centro_Agroecol_gico_del_Caf_A_C,0.000736023516760273
Variety_Catuai,0.0008014072063447675
Processing_Method_Washed_Wet,0.0008166781061031247
Country_of_Origin_Nicaragua,0.001465532065131689
Color_Bluish_Green,0.0015091793095475675
Variety_Caturra,0.0015903237738850468
Region_intibuca,0.0016620040709481392
Mill_alcafe_s_a_de_c_v,0.0016629955114480731
Grading_Date_April_21st_2011,0.0021901651387192856
Grading_Date_December_11th_2012,0.0026364922904208972
Mill_coffee_processing_and_warehouse_enterpri,0.0026878736062557695
Mill_cafes_finos_de_exportacion_s_de_r_l,0.0027680995272754668
Coffee_Age,0.0033249714569900416
Bag_Weight,0.0036130014450973026
Grading_Date_August_30th_2012,0.003914293443136332
Country_of_Origin_Mexico,0.005563696110921843
Certification_Body_Instituto_Hondure_o_del_Caf,0.005655008358923385
Number_of_Bags,0.008019246385752596
Altitude,0.009871233692455553
In_Country_Partner_Instituto_Hondure_o_del_Caf,0.010516292408856756
Aftertaste,0.02163294435380252
Body,0.02304232655123599
Acidity,0.029854861700023917
Aroma,0.036641981736087126
Overall,0.03916285362150488
Balance,0.12195363286174565
Flavor,0.16178488133715002
